sid,target_energy,pred_energy,absolute_error,squared_error
D-144_A-111,0.71835726,0.66865796,0.049699306,0.0024700211
D-127_A-37,0.8046407,0.8253782,0.02073747,0.00043004262
D-85_A-37,0.96275437,0.89847547,0.0642789,0.004131777
D-153_A-123,0.7889747,0.74669355,0.04228115,0.0017876957
D-22_A-256,0.736138,0.8900443,0.15390629,0.023687145
D-142_A-288,0.6349971,0.60444325,0.030553877,0.0009335394
D-166_A-153,0.6829747,0.7217767,0.038802028,0.0015055974
D-127_A-174,0.5762439,0.6168595,0.04061562,0.0016496284
D-135_A-319,0.65905976,0.62123173,0.03782803,0.0014309597
D-28_A-187,0.7736508,0.8770897,0.103438854,0.010699596
D-7_A-135,0.7876841,0.76419395,0.02349013,0.0005517863
D-165_A-196,0.52032834,0.58454746,0.06421912,0.004124095
D-30_A-108,0.72844106,0.6674611,0.060979962,0.003718556
D-166_A-83,0.7830426,0.8020336,0.018990993,0.00036065784
D-127_A-140,0.75530255,0.83440846,0.07910591,0.0062577454
D-87_A-141,0.6310942,0.68752176,0.05642754,0.003184067
D-132_A-192,0.64367366,0.68860805,0.044934392,0.0020190997
D-140_A-318,0.6055544,0.61073565,0.005181253,2.6845382e-05
D-7_A-219,0.8960865,1.0261533,0.13006681,0.016917376
D-101_A-186,0.67524666,0.78490806,0.1096614,0.012025623
D-153_A-112,0.690625,0.7532094,0.0625844,0.003916807
D-136_A-236,0.70321995,0.7109963,0.0077763796,6.047208e-05
D-117_A-109,0.6497224,0.7027567,0.053034306,0.0028126375
D-7_A-367,1.1194453,0.85678375,0.26266158,0.0689911
D-5_A-6,1.4646256,1.1706762,0.29394937,0.08640623
D-102_A-35,0.8715185,0.85874826,0.012770236,0.00016307892
D-127_A-338,0.8608361,0.80977166,0.05106443,0.002607576
D-93_A-56,0.68299025,0.5762309,0.10675937,0.011397563
D-28_A-38,1.1186678,1.1466787,0.028010845,0.00078460743
D-154_A-97,0.6026622,0.77833146,0.17566925,0.030859686
D-43_A-352,0.9160597,0.8868329,0.02922678,0.00085420464
D-34_A-332,0.7572851,0.8864241,0.129139,0.016676882
D-3_A-353,0.9863195,1.0483071,0.06198758,0.00384246
D-164_A-115,0.7589178,0.63107264,0.12784517,0.016344387
D-23_A-261,0.64827627,0.6441272,0.0041490793,1.721486e-05
D-42_A-38,0.7955365,0.8164792,0.020942688,0.00043859618
D-3_A-17,1.3985642,1.1576939,0.24087036,0.058018528
D-124_A-54,0.57272196,0.5679372,0.004784763,2.2893955e-05
D-5_A-274,0.9038301,1.0597036,0.15587348,0.02429654
D-94_A-189,0.966805,0.8213642,0.14544076,0.021153014
D-156_A-336,1.0112684,0.98008925,0.03117913,0.00097213814
D-141_A-200,0.81812197,0.7319595,0.08616245,0.0074239676
D-113_A-209,0.87390536,0.6766619,0.19724345,0.03890498
D-45_A-129,0.7678509,0.6748088,0.093042076,0.008656828
D-102_A-172,0.5165499,0.6237903,0.10724044,0.011500511
D-139_A-44,0.85547155,0.76993257,0.08553898,0.0073169176
D-30_A-132,0.6804401,0.6379073,0.0425328,0.0018090393
D-100_A-316,0.6464259,0.6828421,0.036416173,0.0013261377
D-136_A-287,0.54757863,0.6204637,0.072885096,0.0053122374
D-28_A-147,0.8220016,0.8224211,0.0004194975,1.7597814e-07
D-134_A-82,0.76601607,0.7723713,0.006355226,4.03889e-05
D-35_A-190,0.8154242,0.7428501,0.07257408,0.005266997
D-25_A-204,0.54514515,0.64545697,0.100311816,0.010062461
D-47_A-190,0.6552035,0.68022734,0.025023818,0.0006261915
D-34_A-65,0.5843451,0.6168231,0.032477975,0.0010548189
D-164_A-113,0.6363655,0.5893861,0.046979368,0.002207061
D-42_A-86,0.6513551,0.6379283,0.013426781,0.00018027844
D-167_A-138,0.6618431,0.6131106,0.04873252,0.0023748584
D-7_A-47,0.81527644,0.81720954,0.0019330978,3.7368673e-06
D-94_A-66,0.688106,0.71096677,0.022860765,0.0005226146
D-30_A-126,0.65338427,0.60188276,0.051501513,0.0026524058
D-83_A-80,0.60338527,0.68040884,0.077023566,0.0059326296
D-140_A-166,0.68185514,0.68460435,0.0027492046,7.558126e-06
D-112_A-187,0.72159934,0.7359462,0.014346838,0.00020583176
D-86_A-190,0.6671377,0.64128864,0.025849044,0.0006681731
D-110_A-101,0.7002189,0.5650214,0.13519752,0.01827837
D-83_A-151,0.6285286,0.7758787,0.14735013,0.021712061
D-158_A-141,0.84629744,0.7794563,0.066841125,0.004467736
D-23_A-1,1.0631877,1.069879,0.0066913366,4.4773988e-05
D-84_A-29,0.9273485,0.91954803,0.00780046,6.0847175e-05
D-140_A-270,0.85725975,0.921544,0.064284265,0.004132467
D-122_A-137,0.6081978,0.58554393,0.022653878,0.0005131982
D-23_A-288,0.6118674,0.617589,0.005721569,3.2736352e-05
D-147_A-338,0.99505043,0.9776764,0.017374039,0.00030185722
D-165_A-198,0.5544359,0.56283903,0.008403122,7.061246e-05
D-109_A-340,1.0560505,0.8859179,0.17013264,0.028945114
D-154_A-112,0.6492481,0.6455316,0.0037165284,1.3812583e-05
D-84_A-85,0.6095739,0.58783567,0.021738231,0.0004725507
D-83_A-3,1.0800122,1.002937,0.07707524,0.0059405933
D-124_A-132,0.5527177,0.5549397,0.0022220016,4.937291e-06
D-83_A-195,0.7392556,0.7686973,0.029441714,0.0008668145
D-23_A-34,1.1097659,1.0847999,0.024966002,0.00062330125
D-87_A-316,0.71287614,0.6236935,0.089182615,0.007953539
D-22_A-284,0.65174377,0.6242404,0.027503371,0.00075643545
D-155_A-152,0.77842444,0.6297467,0.14867777,0.022105077
D-22_A-1,0.9563558,0.9922439,0.035888076,0.001287954
D-168_A-190,0.7116244,0.6635292,0.048095167,0.002313145
D-132_A-80,0.82654977,0.6635214,0.16302836,0.026578246
D-24_A-30,1.2301413,1.2025654,0.02757585,0.0007604275
D-127_A-168,0.60300434,0.66734225,0.06433791,0.0041393666
D-145_A-52,0.63459283,0.6058745,0.028718352,0.00082474377
D-117_A-30,0.91456693,0.85250133,0.0620656,0.0038521388
D-36_A-194,0.8695204,0.8091903,0.060330153,0.0036397274
D-36_A-209,0.90986323,0.8280279,0.08183533,0.006697021
D-100_A-18,1.1278187,0.9967113,0.13110739,0.017189147
D-82_A-276,0.9036668,0.87270683,0.030959964,0.00095851935
D-102_A-116,0.56178296,0.56481814,0.0030351877,9.212365e-06
D-33_A-201,0.5093272,0.66943824,0.16011107,0.025635555
D-33_A-343,0.8217994,0.94412786,0.12232846,0.014964252
D-7_A-123,0.714019,0.78766954,0.07365054,0.0054244017
D-101_A-11,0.9342913,0.93281,0.0014812946,2.1942337e-06
D-142_A-338,0.8944771,0.857639,0.036838114,0.0013570467
D-155_A-177,0.976811,0.65448546,0.32232553,0.10389375
D-119_A-339,1.045687,1.0703844,0.024697423,0.0006099627
D-30_A-3,1.1593373,1.0049406,0.15439665,0.023838326
D-145_A-228,0.9294865,0.8587926,0.07069391,0.0049976287
D-22_A-161,0.64515084,0.6575096,0.012358785,0.00015273957
D-118_A-160,0.60596645,0.6491552,0.04318875,0.0018652682
D-107_A-117,0.6378038,0.64866453,0.010860741,0.0001179557
D-83_A-82,0.6675264,0.6736777,0.006151259,3.783799e-05
D-167_A-323,0.45719016,0.5711154,0.11392522,0.012978955
D-158_A-158,0.5949497,0.61113405,0.01618433,0.00026193252
D-129_A-157,0.5763294,0.5698563,0.006473124,4.1901334e-05
D-159_A-98,0.6477321,0.59976965,0.047962427,0.0023003945
D-122_A-316,0.5954318,0.5664332,0.028998613,0.00084091956
D-127_A-345,0.9364449,0.98283446,0.04638958,0.002151993
D-129_A-188,0.73559374,0.8351811,0.09958738,0.009917647
D-102_A-1,0.8553316,0.8400602,0.015271425,0.00023321643
D-84_A-165,0.649839,0.6586023,0.008763313,7.679566e-05
D-154_A-111,0.64847064,0.7159899,0.06751925,0.0045588487
D-101_A-321,0.6665157,0.6230451,0.04347062,0.001889695
D-166_A-18,1.076568,1.0865879,0.010019898,0.00010039836
D-100_A-368,0.44819486,0.69434255,0.24614769,0.060588688
D-113_A-332,0.9418327,1.074482,0.13264924,0.017595822
D-114_A-3,0.7576505,0.9459221,0.18827158,0.03544619
D-132_A-119,0.6443112,0.6752,0.030888796,0.0009541177
D-7_A-270,0.9736545,1.0284129,0.05475843,0.0029984857
D-22_A-63,0.6548537,0.6157386,0.03911513,0.0015299935
D-140_A-58,0.5676295,0.6750725,0.107442975,0.011543993
D-154_A-37,1.2976022,1.0512589,0.24634326,0.060684998
D-7_A-9,1.4036177,1.2599828,0.14363492,0.02063099
D-143_A-2,0.9058049,0.9091835,0.0033786297,1.1415139e-05
D-22_A-125,0.91067183,0.7428258,0.16784602,0.028172288
D-29_A-300,0.9925781,0.92175406,0.07082403,0.005016043
D-83_A-54,0.6117897,0.67758495,0.06579524,0.004329014
D-121_A-284,0.6092474,0.6639586,0.054711223,0.0029933178
D-117_A-4,0.97059906,0.8884145,0.08218455,0.0067543006
D-22_A-76,0.7690871,0.6531935,0.1158936,0.013431327
D-129_A-367,0.687002,0.6098994,0.0771026,0.0059448113
D-29_A-200,1.0037581,0.8497526,0.15400547,0.023717685
D-165_A-184,0.87312007,0.76092273,0.11219734,0.012588243
D-118_A-276,1.0242988,0.8663947,0.15790409,0.024933701
D-33_A-80,0.5724576,0.5909405,0.018482864,0.00034161625
D-24_A-338,1.125253,1.1141757,0.011077285,0.00012270625
D-118_A-8,1.1283551,1.0551772,0.07317793,0.00535501
D-24_A-3,1.07132,1.0028628,0.068457246,0.0046863947
D-158_A-118,0.5967457,0.62871474,0.03196901,0.0010220177
D-41_A-101,0.696627,0.66981494,0.026812077,0.00071888743
D-118_A-245,1.0792891,0.84884477,0.23044431,0.05310458
D-122_A-17,0.96436375,0.92974645,0.034617305,0.0011983578
D-118_A-111,0.62915057,0.7235746,0.09442401,0.008915894
D-42_A-195,0.7176187,0.7205575,0.002938807,8.636586e-06
D-28_A-286,0.65815014,0.6731202,0.014970064,0.00022410283
D-127_A-354,0.89883876,0.83711225,0.06172651,0.0038101622
D-152_A-322,0.7517573,0.6091384,0.1426189,0.020340148
D-127_A-16,1.0191053,0.98395354,0.03515178,0.0012356476
D-88_A-366,0.69781655,0.65149564,0.046320915,0.0021456273
D-45_A-342,0.82832235,0.84749776,0.01917541,0.00036769637
D-45_A-184,0.62989694,0.8832954,0.25339848,0.06421079
D-156_A-165,0.7488651,0.70704657,0.04181856,0.0017487919
D-167_A-343,0.79145485,0.8900954,0.09864056,0.00972996
D-154_A-190,1.0426238,0.7089408,0.33368295,0.111344315
D-82_A-89,0.75804704,0.7603189,0.002271831,5.1612164e-06
D-143_A-236,0.7561733,0.57853323,0.17764008,0.031556
D-140_A-233,0.6633825,0.7363606,0.07297814,0.0053258087
D-107_A-42,0.8826285,0.7715171,0.1111114,0.012345743
D-24_A-117,0.6553435,0.71085066,0.055507183,0.0030810474
D-7_A-42,0.9161918,1.0187441,0.102552295,0.010516973
D-24_A-166,0.88093364,0.95115787,0.070224226,0.004931442
D-99_A-232,0.63259476,0.5660686,0.066526175,0.004425732
D-110_A-366,0.57364714,0.66200626,0.08835912,0.0078073335
D-113_A-53,0.6044504,0.6041599,0.00029051304,8.4397826e-08
D-89_A-338,0.97791505,1.0388738,0.060958743,0.0037159685
D-47_A-177,0.6821195,0.81189877,0.12977928,0.016842661
D-34_A-354,0.76967794,0.84465593,0.074977994,0.0056216996
D-132_A-201,0.58397967,0.7180442,0.13406456,0.017973306
D-154_A-317,0.6846929,0.63854176,0.04615116,0.0021299296
D-127_A-41,0.5979897,0.66519266,0.067202985,0.004516241
D-29_A-293,0.59363586,0.6564204,0.06278455,0.0039419
D-7_A-295,0.9116825,0.969086,0.057403505,0.0032951625
D-22_A-59,0.73776287,0.6272731,0.110489786,0.012207992
D-3_A-137,0.7549449,0.6953592,0.05958575,0.0035504617
D-140_A-269,0.78340805,0.7539304,0.029477656,0.00086893217
D-140_A-111,0.6268182,0.5973791,0.029439092,0.0008666601
D-22_A-94,0.65817344,0.60814166,0.05003178,0.002503179
D-118_A-13,1.0431368,0.96603405,0.07710278,0.0059448387
D-27_A-281,0.78803396,0.6557487,0.13228524,0.017499384
D-87_A-144,0.5849515,0.609343,0.024391472,0.00059494394
D-124_A-353,0.9482857,0.8606256,0.087660074,0.0076842885
D-24_A-20,0.89358306,1.0065355,0.11295247,0.012758261
D-33_A-8,0.977744,0.9130328,0.06471115,0.004187533
D-44_A-156,0.6064874,0.56530213,0.04118526,0.0016962256
D-27_A-119,0.7342798,0.7660273,0.03174746,0.0010079013
D-141_A-140,0.69407696,0.75047576,0.05639881,0.0031808256
D-118_A-153,0.7055757,0.7108845,0.005308807,2.8183431e-05
D-101_A-334,1.1336497,1.0206882,0.11296153,0.012760308
D-141_A-365,0.7096652,0.66754776,0.042117417,0.0017738768
D-31_A-276,0.808598,1.0338455,0.22524756,0.050736465
D-98_A-353,0.8228334,0.8375922,0.014758766,0.00021782116
D-83_A-58,0.6291428,0.621949,0.007193804,5.1750812e-05
D-138_A-365,0.6211271,0.7121931,0.09106594,0.008293006
D-29_A-204,0.7449778,0.65928096,0.08569682,0.007343944
D-109_A-18,1.0914409,0.9466121,0.1448288,0.020975381
D-90_A-10,0.76795197,0.85843533,0.09048337,0.00818724
D-132_A-37,1.1368762,1.0639925,0.072883725,0.005312037
D-96_A-19,0.79082507,0.8944252,0.103600144,0.01073299
D-141_A-3,0.8339124,0.81447595,0.019436419,0.00037777438
D-100_A-4,1.1197486,1.0665572,0.053191423,0.0028293275
D-142_A-16,0.89041096,0.94497865,0.054567695,0.0029776334
D-85_A-60,0.6232807,0.60027,0.02301073,0.00052949373
D-144_A-268,0.79437035,0.78511345,0.009256899,8.569018e-05
D-31_A-101,0.5690367,0.6821212,0.113084495,0.012788103
D-110_A-318,0.69696915,0.74446213,0.04749298,0.0022555832
D-144_A-41,0.8988232,0.7908748,0.10794842,0.011652862
D-141_A-190,0.65192264,0.6733297,0.021407068,0.00045826254
D-85_A-144,0.61650115,0.6211804,0.0046792626,2.18955e-05
D-109_A-201,0.4768601,0.6304773,0.1536172,0.023598244
D-23_A-35,0.9960223,1.0387207,0.042698443,0.0018231571
D-158_A-290,0.6086021,0.6397149,0.03111279,0.0009680057
D-132_A-368,0.7523482,0.68891484,0.06343335,0.00402379
D-31_A-198,0.841275,0.8386101,0.002664864,7.1015006e-06
D-156_A-135,0.65468264,0.65315455,0.0015280843,2.3350415e-06
D-3_A-20,0.7979234,0.9956761,0.19775271,0.039106134
D-34_A-66,0.5745101,0.57474554,0.00023543835,5.5431215e-08
D-98_A-257,0.8055581,0.740504,0.06505406,0.004232031
D-82_A-235,0.70899653,0.76204205,0.05304551,0.0028138263
D-119_A-20,0.98889285,0.90940034,0.07949251,0.006319059
D-83_A-125,0.7321729,0.73686033,0.0046874285,2.1971986e-05
D-47_A-304,0.9144037,0.72483957,0.18956411,0.035934553
D-139_A-27,2.04527,1.0254787,1.0197912,1.0399742
D-141_A-100,0.7337356,0.7669713,0.03323567,0.0011046097
D-82_A-323,0.7017739,0.67420596,0.027567923,0.00075999036
D-124_A-97,0.73918563,0.7213803,0.017805338,0.00031703006
D-139_A-319,0.68725854,0.6183072,0.06895137,0.0047542914
D-101_A-2,0.91200906,1.0155046,0.10349554,0.010711326
D-140_A-345,1.0591605,1.0474762,0.0116842985,0.00013652284
D-82_A-70,0.62505335,0.6239115,0.0011418462,1.3038127e-06
D-166_A-345,1.093167,1.0365158,0.056651115,0.0032093488
D-159_A-233,0.7600529,0.7310551,0.028997838,0.0008408746
D-122_A-165,0.60129386,0.61279595,0.011502087,0.00013229801
D-127_A-314,0.66921353,0.6289545,0.040259004,0.0016207874
D-33_A-367,0.59851056,0.6562652,0.057754636,0.003335598
D-101_A-10,0.96117616,0.96065617,0.0005199909,2.7039056e-07
D-34_A-172,0.5866386,0.5998644,0.013225794,0.00017492162
D-87_A-54,0.6732019,0.6338585,0.039343417,0.0015479045
D-152_A-178,0.6353703,0.6976941,0.06232381,0.003884257
D-31_A-56,0.80376995,0.7261756,0.07759434,0.0060208817
D-48_A-8,0.8920825,0.87577236,0.016310155,0.00026602118
D-7_A-17,1.3839556,1.3813891,0.0025664568,6.5867007e-06
D-3_A-269,0.8255468,0.863519,0.03797221,0.0014418889
D-137_A-147,0.692833,0.6596416,0.033191383,0.0011016679
D-3_A-54,0.9809705,0.658598,0.3223725,0.10392403
D-139_A-159,0.6589898,0.8587019,0.1997121,0.03988492
D-28_A-156,0.8448669,0.7565437,0.088323176,0.0078009833
D-30_A-330,1.1799012,1.0985743,0.08132696,0.0066140746
D-100_A-345,1.1010971,1.0655552,0.035541892,0.001263226
D-112_A-235,0.63999623,0.6950658,0.055069566,0.003032657
D-94_A-234,1.2763617,0.9313676,0.34499413,0.11902095
D-27_A-287,0.80957764,0.65988964,0.149688,0.0224065
D-98_A-95,0.6963005,0.6042146,0.0920859,0.008479812
D-136_A-19,0.9408298,0.9698519,0.029022098,0.00084228214
D-7_A-321,0.7738996,0.7747037,0.00080406666,6.465232e-07
D-168_A-99,0.62198234,0.5514676,0.07051474,0.0049723284
D-144_A-337,0.88304836,0.9819589,0.09891057,0.009783301
D-160_A-58,0.62953156,0.69116116,0.061629593,0.0037982068
D-122_A-94,0.63341886,0.5779139,0.055504978,0.0030808025
D-108_A-20,0.89805347,0.89104277,0.0070106983,4.914989e-05
D-28_A-291,0.64593613,0.8184319,0.17249578,0.029754795
D-137_A-323,0.5606634,0.5876081,0.026944697,0.0007260167
D-164_A-341,0.85977095,0.95183975,0.09206879,0.008476662
D-153_A-129,0.6269426,0.6137858,0.013156772,0.00017310063
D-100_A-140,1.0837518,0.9688254,0.1149264,0.013208077
D-158_A-91,0.56178296,0.66021836,0.0984354,0.0096895285
D-44_A-37,0.9184776,0.9146369,0.003840685,1.4750861e-05
D-5_A-165,0.85771066,0.7114089,0.14630175,0.021404201
D-22_A-128,0.90481746,0.70980227,0.19501519,0.038030926
D-102_A-151,0.49915013,0.57127047,0.07212034,0.0052013434
D-168_A-62,0.5902383,0.60845643,0.01821816,0.00033190133
D-23_A-26,1.006829,1.0605314,0.053702354,0.0028839428
D-29_A-27,1.1308353,1.1071482,0.023687124,0.0005610799
D-135_A-229,0.6696489,0.6592083,0.010440588,0.00010900588
D-43_A-354,0.8625465,0.87998587,0.017439365,0.00030413148
D-22_A-124,0.82503366,0.7187725,0.106261194,0.0112914415
D-116_A-58,0.59425,0.6143262,0.020076156,0.00040305202
D-24_A-84,0.607708,0.6635532,0.0558452,0.0031186864
D-93_A-157,0.51912326,0.5984392,0.07931596,0.0062910216
D-139_A-3,0.7198578,1.0024452,0.2825874,0.07985564
D-23_A-324,0.70822686,0.6720468,0.03618008,0.0013089981
D-40_A-54,0.6377416,0.6781003,0.040358663,0.0016288216
D-39_A-313,0.69726455,0.6230288,0.07423574,0.005510945
D-35_A-42,0.6825393,0.6591764,0.023362875,0.00054582395
D-23_A-167,1.6917474,0.74324304,0.9485044,0.8996606
D-47_A-54,0.710396,0.72032356,0.009927571,9.8556666e-05
D-136_A-138,0.6574115,0.6844844,0.027072906,0.00073294225
D-94_A-152,0.7221124,0.59774864,0.12436378,0.01546635
D-143_A-265,0.7291719,0.75823444,0.02906257,0.0008446329
D-154_A-205,0.7435939,0.7262063,0.017387569,0.00030232756
D-7_A-181,0.848832,0.8379851,0.010846913,0.000117655516
D-89_A-343,0.8117701,0.8533928,0.0416227,0.001732449
D-118_A-295,0.52566177,0.7071437,0.18148196,0.0329357
D-152_A-131,0.7848541,0.7428661,0.041988015,0.0017629934
D-45_A-309,0.6711183,0.77237684,0.10125852,0.010253287
D-109_A-16,0.9573121,0.9777673,0.020455182,0.00041841445
D-95_A-353,0.8314478,0.88777465,0.056326866,0.003172716
D-129_A-243,0.95609146,0.8507294,0.10536206,0.011101163
D-43_A-19,0.8690617,0.81001645,0.059045255,0.0034863423
D-165_A-113,0.6847162,0.61909395,0.06562227,0.0043062824
D-137_A-174,0.8308569,0.6379697,0.19288725,0.03720549
D-142_A-314,0.7293118,0.75829655,0.028984725,0.0008401143
D-109_A-36,0.8623055,0.91648215,0.05417663,0.002935107
D-142_A-195,0.65624535,0.65522367,0.0010216832,1.0438366e-06
D-160_A-255,0.75290793,0.8498891,0.09698117,0.009405347
D-41_A-1,0.7307268,0.7553022,0.024575412,0.0006039509
D-102_A-4,0.9732502,0.87261903,0.10063118,0.010126634
D-140_A-232,0.67331856,0.6297577,0.043560863,0.0018975488
D-107_A-345,1.0075054,0.94575614,0.06174928,0.0038129736
D-129_A-340,0.81224436,0.8484963,0.036251962,0.0013142048
D-83_A-180,0.5833188,0.70498246,0.12166363,0.014802039
D-152_A-134,0.75714517,0.74859124,0.008553922,7.316958e-05
D-40_A-63,0.7529002,0.7941146,0.041214406,0.0016986273
D-116_A-57,0.60650295,0.5517753,0.054727674,0.0029951183
D-158_A-244,0.9396169,0.8222452,0.11737174,0.013776124
D-98_A-351,0.76345044,0.7669556,0.0035051703,1.2286219e-05
D-30_A-10,1.1865797,1.0676008,0.11897886,0.014155969
D-29_A-353,1.1225708,1.0158317,0.106739044,0.011393224
D-87_A-162,0.5976631,0.6317629,0.034099817,0.0011627976
D-22_A-6,0.9708867,1.127152,0.15626526,0.02441883
D-89_A-294,0.5870118,0.5946679,0.0076560974,5.8615828e-05
D-132_A-175,0.58010787,0.69885546,0.11874759,0.01410099
D-140_A-208,0.70696735,0.6854206,0.021546781,0.00046426378
D-108_A-35,0.93537974,0.83866507,0.096714675,0.009353728
D-3_A-145,0.43588755,0.67656547,0.24067792,0.05792586
D-95_A-365,0.5882635,0.6459537,0.057690203,0.0033281595
D-7_A-333,1.420722,1.2501867,0.17053533,0.029082298
D-146_A-282,0.6197121,0.6528963,0.03318417,0.0011011892
D-31_A-160,0.96343076,0.708813,0.25461775,0.0648302
D-140_A-353,1.0374302,0.96713763,0.07029253,0.00494104
D-129_A-353,0.8878298,0.92949885,0.04166907,0.0017363115
D-119_A-191,0.6366221,0.76036114,0.123739064,0.015311356
D-35_A-4,0.81557965,0.87273407,0.057154417,0.0032666274
D-46_A-142,0.6905006,0.64631635,0.044184268,0.0019522494
D-7_A-93,0.65186816,0.6882722,0.036404014,0.0013252522
D-135_A-160,0.6071871,0.66757387,0.060386777,0.0036465628
D-138_A-276,1.011867,0.9070721,0.10479492,0.010981975
D-108_A-4,0.9082928,0.85114855,0.057144225,0.0032654624
D-147_A-58,0.6338309,0.642481,0.008650124,7.4824646e-05
D-22_A-368,0.8856218,0.7434279,0.14219391,0.02021911
D-100_A-27,2.0113025,1.0744052,0.9368973,0.8777765
D-132_A-165,0.88950914,0.8557382,0.03377092,0.0011404749
D-102_A-162,0.61291707,0.56378,0.049137056,0.0024144503
D-5_A-114,0.75229377,0.7925493,0.040255547,0.0016205091
D-5_A-73,0.7141434,0.6825358,0.03160757,0.0009990383
D-96_A-35,0.8968873,0.8756596,0.021227717,0.00045061597
D-113_A-291,0.5077256,0.57626534,0.06853974,0.004697696
D-22_A-26,0.9266954,1.0746578,0.14796239,0.02189287
D-132_A-340,1.1233171,1.0011363,0.12218082,0.014928153
D-5_A-337,1.0379122,1.0753703,0.037458062,0.0014031064
D-33_A-13,1.0107242,0.8930142,0.117709994,0.013855643
D-7_A-253,0.95755315,1.0778526,0.12029946,0.014471959
D-39_A-281,0.6978321,0.7307846,0.032952487,0.0010858665
D-89_A-375,0.9455724,0.90603584,0.039536536,0.0015631376
D-30_A-42,0.9295565,0.8662075,0.06334901,0.004013097
D-97_A-141,0.81503546,0.7275295,0.08750594,0.007657289
D-98_A-10,0.94744605,0.96338683,0.015940785,0.00025410863
D-102_A-56,0.8157274,0.70976454,0.10596287,0.01122813
D-127_A-147,0.6211893,0.6084251,0.0127642155,0.0001629252
D-132_A-233,0.72827,0.7148636,0.013406396,0.00017973145
D-83_A-79,0.61659443,0.63471705,0.018122613,0.00032842913
D-35_A-333,0.80950767,0.77543277,0.034074903,0.001161099
D-143_A-13,0.8378153,0.73430675,0.10350853,0.010714016
D-24_A-37,0.9298597,1.1286772,0.19881755,0.03952842
D-83_A-37,1.12425,1.1469157,0.02266562,0.00051373034
D-156_A-232,0.6792273,0.6488146,0.030412674,0.00092493073
D-33_A-26,0.8667526,0.99726444,0.13051182,0.017033335
D-34_A-136,0.62052846,0.6174616,0.0030668378,9.405494e-06
D-97_A-205,0.696697,0.6924613,0.004235685,1.7941027e-05
D-42_A-101,0.3776474,0.53833216,0.16068476,0.025819594
D-29_A-115,0.6006719,0.705543,0.104871094,0.010997946
D-109_A-101,0.82536024,0.6566239,0.16873634,0.028471952
D-23_A-38,1.0275797,1.0770067,0.049427032,0.0024430316
D-102_A-124,0.6598217,0.650374,0.009447694,8.9258916e-05
D-100_A-340,1.128705,0.8998662,0.2288388,0.052367195
D-135_A-42,0.96408385,0.88772357,0.076360285,0.0058308933
D-118_A-262,0.5560608,0.7136731,0.15761232,0.024841644
D-36_A-176,0.7744438,0.8234783,0.049034476,0.00240438
D-116_A-129,0.6597051,0.7417287,0.08202362,0.0067278743
D-116_A-10,1.23605,1.0180297,0.21802032,0.04753286
D-107_A-30,1.0458424,0.92831093,0.11753148,0.013813648
D-90_A-136,0.56731856,0.5819459,0.014627337,0.000213959
D-119_A-366,0.6697966,0.68207973,0.012283146,0.00015087568
D-25_A-148,0.603774,0.70124394,0.097469926,0.009500386
D-159_A-145,0.60559326,0.65594894,0.050355673,0.0025356938
D-101_A-6,1.045166,1.0402215,0.004944563,2.4448702e-05
D-140_A-112,0.69612944,0.71372527,0.017595828,0.00030961315
D-28_A-214,1.0975363,0.83823067,0.25930566,0.067239426
D-142_A-368,0.60633963,0.6817631,0.07542348,0.0056887013
D-124_A-64,0.54390895,0.57956254,0.03565359,0.0012711786
D-153_A-271,0.768986,0.8336445,0.06465852,0.0041807247
D-166_A-256,0.8394324,0.8378676,0.0015648007,2.4486014e-06
D-87_A-165,0.6834567,0.6830727,0.00038403273,1.4748113e-07
D-28_A-2,1.1753608,1.1082274,0.06713343,0.004506897
D-3_A-79,0.6673942,0.6709595,0.0035652518,1.2711021e-05
D-154_A-377,0.9928269,1.0267979,0.03397101,0.0011540296
D-132_A-36,0.9015055,1.0252987,0.123793244,0.015324768
D-108_A-3,0.95577276,0.9149001,0.040872633,0.0016705722
D-89_A-195,0.65315104,0.6508348,0.0023162365,5.3649514e-06
D-42_A-117,0.63240814,0.58340883,0.04899931,0.0024009324
D-24_A-158,0.6642688,0.65538853,0.008880258,7.8858975e-05
D-97_A-345,0.87412304,0.9358349,0.061711848,0.0038083522
D-139_A-294,0.7812311,0.6765626,0.1046685,0.010955495
D-22_A-169,0.66391116,0.75634384,0.09243268,0.0085438
D-5_A-141,0.9016143,0.86751705,0.034097254,0.0011626227
D-119_A-18,1.2064052,1.0995638,0.106841326,0.011415069
D-44_A-69,0.5193332,0.5581377,0.03880453,0.0015057917
D-40_A-134,0.71938354,0.64600384,0.073379695,0.0053845798
D-152_A-83,0.7657984,0.6717598,0.094038606,0.008843259
D-164_A-19,0.8387482,0.9028871,0.06413889,0.004113797
D-24_A-103,0.81115586,0.7615646,0.049591243,0.0024592914
D-120_A-143,0.7109169,0.70277476,0.008142114,6.6294015e-05
D-121_A-202,0.7187927,0.74166566,0.022872984,0.0005231734
D-135_A-342,0.9832485,0.98017716,0.0030713081,9.432933e-06
D-83_A-173,0.60827553,0.6610095,0.052733958,0.0027808703
D-22_A-245,0.82593554,0.91893405,0.092998505,0.0086487215
D-86_A-353,0.8874099,0.9164814,0.02907145,0.0008451492
D-154_A-59,0.46237588,0.61575145,0.15337557,0.023524065
D-96_A-122,0.6164001,0.8099306,0.1935305,0.037454054
D-96_A-175,0.61954886,0.67093927,0.05139041,0.0026409742
D-97_A-283,0.6911226,0.6147882,0.07633442,0.005826943
D-3_A-200,1.0000651,0.8678675,0.13219756,0.017476195
D-124_A-156,0.6199065,0.6034224,0.016484082,0.00027172494
D-30_A-367,0.6636702,0.721467,0.057796836,0.0033404743
D-29_A-21,1.1072235,1.0320852,0.07513833,0.0056457687
D-84_A-169,1.0067824,0.7038886,0.30289382,0.09174466
D-30_A-167,0.7956376,0.87772685,0.082089245,0.006738644
D-154_A-126,0.7579537,0.7492241,0.008729577,7.620551e-05
D-28_A-190,0.69512653,0.7604529,0.06532639,0.0042675375
D-122_A-56,0.61625236,0.5742732,0.041979134,0.0017622476
D-34_A-44,0.5747123,0.6838357,0.10912341,0.011907918
D-24_A-366,0.8633551,0.7178722,0.1454829,0.021165274
D-118_A-135,0.63876784,0.5944515,0.04431635,0.001963939
D-44_A-151,0.53699726,0.574371,0.03737372,0.001396795
D-87_A-97,0.55434257,0.5640584,0.009715855,9.439784e-05
D-23_A-233,0.86552423,0.75412685,0.111397386,0.012409378
D-5_A-119,0.94815356,0.75464207,0.19351149,0.037446696
D-100_A-26,1.0219897,1.0331669,0.011177182,0.0001249294
D-122_A-177,0.9503693,0.80384547,0.14652383,0.021469234
D-134_A-377,0.9057815,1.0329535,0.127172,0.016172716
D-102_A-44,0.612746,0.7460715,0.13332552,0.017775694
D-134_A-167,0.659293,0.68346626,0.02417326,0.0005843465
D-101_A-320,0.7750425,0.66070014,0.11434233,0.013074169
D-143_A-124,0.9528106,0.63736117,0.31544942,0.09950834
D-24_A-137,0.87581015,0.7500304,0.12577975,0.015820544
D-129_A-185,0.74258316,0.83505946,0.09247631,0.008551868
D-153_A-344,1.0642606,1.0070288,0.057231784,0.003275477
D-140_A-314,0.9046464,0.73687,0.1677764,0.028148923
D-30_A-36,1.0656756,1.1202573,0.054581642,0.0029791556
D-3_A-28,1.5465242,1.2321838,0.31434035,0.09880986
D-29_A-343,1.1046968,1.1917521,0.087055326,0.0075786295
D-99_A-367,0.5401538,0.55827415,0.018120348,0.00032834703
D-141_A-60,0.57719237,0.59650147,0.019309103,0.0003728415
D-100_A-86,0.6012006,0.6527851,0.05158454,0.0026609648
D-25_A-69,0.5352713,0.62678343,0.09151214,0.008374472
D-34_A-17,0.90954447,0.93923134,0.029686868,0.00088131014
D-23_A-11,1.0423982,1.0390946,0.003303647,1.0914084e-05
D-90_A-276,0.8351719,0.80678016,0.028391719,0.0008060897
D-164_A-16,1.0118282,0.96636325,0.045464933,0.0020670602
D-108_A-267,0.83556837,0.80288845,0.032679915,0.0010679768
D-7_A-11,1.3070017,1.245039,0.061962724,0.0038393792
D-99_A-29,0.731341,0.7331476,0.0018066168,3.2638643e-06
D-124_A-1,0.9646281,0.8517448,0.11288333,0.012742646
D-142_A-59,0.5639599,0.5762518,0.012291908,0.00015109101
D-127_A-165,0.9214942,0.77090687,0.15058732,0.02267654
D-89_A-153,0.7915248,0.7184457,0.07307911,0.005340556
D-90_A-152,0.5603602,0.5761488,0.015788615,0.00024928036
D-113_A-257,0.93311733,1.0027258,0.06960851,0.0048453445
D-152_A-352,1.146408,1.0855124,0.060895562,0.0037082694
D-101_A-129,0.5935659,0.5740823,0.019483566,0.00037960935
D-45_A-60,0.6190746,0.5994812,0.019593358,0.0003838997
D-93_A-47,0.7949845,0.61590976,0.17907476,0.032067772
D-29_A-35,1.1432592,1.0856311,0.057628036,0.0033209906
D-3_A-167,0.8750482,0.6851458,0.18990242,0.03606293
D-153_A-75,0.76563513,0.7897139,0.024078786,0.00057978794
D-83_A-86,0.5763449,0.6224435,0.04609859,0.00212508
D-101_A-95,0.65757483,0.6152361,0.04233873,0.001792568
D-129_A-177,0.62586963,0.59505206,0.030817568,0.00094972254
D-141_A-323,0.50082946,0.64488846,0.144059,0.020752996
D-124_A-141,0.82777035,0.7606428,0.067127526,0.0045061046
D-5_A-155,0.7929242,0.747099,0.045825243,0.002099953
D-141_A-313,0.65858555,0.6027429,0.055842638,0.0031184002
D-143_A-16,0.88320386,0.8572796,0.025924265,0.0006720675
D-134_A-345,0.92831254,1.0817608,0.15344822,0.023546357
D-35_A-168,0.709222,0.58168286,0.12753916,0.016266236
D-22_A-54,0.65224135,0.6572493,0.0050079226,2.507929e-05
D-100_A-228,0.7682163,0.81001455,0.041798234,0.0017470923
D-118_A-261,0.61718535,0.60833347,0.008851886,7.835588e-05
D-45_A-52,0.6799659,0.61939627,0.060569644,0.0036686817
D-143_A-25,0.9587504,0.8824484,0.07630205,0.005822003
D-84_A-26,0.8683231,0.8606361,0.0076869726,5.9089547e-05
D-85_A-29,0.9403944,0.9109065,0.029487908,0.0008695367
D-87_A-9,0.8425345,0.94747883,0.10494435,0.011013316
D-96_A-103,0.69576406,0.65558416,0.04017991,0.001614425
D-124_A-35,0.9689586,0.95899755,0.009961069,9.922289e-05
D-139_A-6,1.0363029,0.98482496,0.05147797,0.0026499813
D-129_A-255,0.81721234,0.7181892,0.09902316,0.009805587
D-139_A-330,1.1069747,1.0881747,0.01880002,0.00035344076
D-30_A-85,0.755668,0.68104434,0.074623644,0.0055686883
D-101_A-296,0.5319282,0.6187086,0.08678043,0.007530843
D-165_A-30,0.9287635,0.90859765,0.02016586,0.00040666194
D-7_A-100,0.7886015,0.87406653,0.085465014,0.0073042684
D-24_A-136,0.71760315,0.6728632,0.04473996,0.0020016641
D-118_A-192,0.5321303,0.5807875,0.04865718,0.0023675212
D-97_A-209,0.8165204,0.63732773,0.17919266,0.03211001
D-142_A-20,0.803249,0.9418283,0.13857931,0.019204225
D-129_A-330,0.9107962,0.9302655,0.019469261,0.00037905213
D-97_A-183,0.5788328,0.66158456,0.08275175,0.0068478524
D-109_A-321,0.5930294,0.61151403,0.018484652,0.00034168237
D-84_A-291,0.51630884,0.565796,0.049487174,0.0024489802
D-89_A-256,0.74869406,0.8334508,0.08475673,0.0071837036
D-48_A-163,0.58349764,0.580018,0.0034796596,1.210803e-05
D-24_A-172,0.70061547,0.681341,0.019274473,0.0003715053
D-93_A-152,0.59777194,0.5822061,0.015565872,0.00024229637
D-154_A-187,0.9864283,0.81949943,0.16692889,0.027865253
D-31_A-354,1.1782374,1.0842416,0.09399581,0.008835212
D-26_A-104,0.8016863,0.7877526,0.013933659,0.00019414684
D-118_A-166,0.78127,0.7420743,0.039195716,0.0015363041
D-122_A-156,0.5737871,0.56406426,0.009722829,9.45334e-05
D-158_A-138,0.66091794,0.7011937,0.040275753,0.0016221362
D-118_A-3,1.0208701,0.96304613,0.057823956,0.0033436099
D-136_A-183,1.0045978,0.8221198,0.18247801,0.033298224
D-116_A-282,0.52098143,0.56707764,0.046096206,0.0021248602
D-109_A-205,0.8272883,0.6598076,0.1674807,0.028049788
D-7_A-4,1.8316684,1.3334472,0.49822116,0.24822432
D-159_A-130,0.5674507,0.5942006,0.026749909,0.0007155576
D-85_A-323,0.50278866,0.5971253,0.09433663,0.0088994
D-99_A-2,0.65657187,0.7158352,0.05926335,0.0035121446
D-119_A-294,0.5896785,0.6583587,0.06868017,0.0047169654
D-146_A-236,0.7527369,0.7636232,0.010886252,0.00011851048
D-30_A-13,1.1412066,1.0490429,0.09216368,0.008494144
D-33_A-79,0.6063552,0.58106613,0.025289059,0.0006395365
D-155_A-6,1.2407537,1.1234105,0.11734319,0.013769424
D-93_A-243,0.9759325,0.82810295,0.14782953,0.02185357
D-129_A-331,0.94123405,0.9246718,0.016562223,0.00027430724
D-29_A-102,0.5719056,0.6792317,0.10732609,0.01151889
D-112_A-59,0.5582999,0.6467704,0.08847052,0.007827032
D-94_A-202,0.7043939,0.6860677,0.018326223,0.00033585043
D-22_A-131,0.7691415,0.7344902,0.03465128,0.0012007111
D-157_A-94,0.8013442,0.76774067,0.03360355,0.0011291985
D-117_A-329,0.77647305,0.7471451,0.029327929,0.00086012745
D-118_A-141,0.9602665,0.86666185,0.093604624,0.008761826
D-153_A-277,0.9988367,0.8172665,0.18157017,0.032967728
D-48_A-25,0.960904,1.0026342,0.041730165,0.0017414067
D-140_A-344,0.98103267,0.9944734,0.013440728,0.00018065318
D-119_A-4,1.1868519,1.1313319,0.05551994,0.0030824635
D-90_A-162,0.6559266,0.63849765,0.017428935,0.00030376777
D-156_A-184,0.68309134,0.85716265,0.17407131,0.030300822
D-136_A-193,1.01032,0.7584055,0.25191444,0.06346089
D-144_A-131,0.6414812,0.59607834,0.045402884,0.002061422
D-101_A-324,0.5550423,0.71782964,0.16278732,0.026499711
D-23_A-353,1.0412087,1.0915049,0.050296187,0.0025297066
D-28_A-125,1.1217,0.9622759,0.15942413,0.025416052
D-22_A-156,0.8046329,0.77258843,0.03204447,0.0010268481
D-118_A-275,0.95686895,0.9216115,0.03525746,0.0012430884
D-100_A-170,0.8842146,0.74105316,0.14316142,0.020495191
D-141_A-42,0.7093697,0.74250823,0.033138514,0.0010981611
D-24_A-273,0.85452306,0.88555574,0.031032681,0.0009630273
D-101_A-29,1.1093538,1.0137033,0.095650434,0.009149006
D-168_A-16,1.0023975,0.9031047,0.099292815,0.009859063
D-120_A-107,0.59093803,0.5787129,0.012225151,0.00014945432
D-89_A-189,0.6183671,0.6462141,0.027847052,0.0007754583
D-84_A-4,1.0253639,0.9610655,0.06429845,0.004134291
D-22_A-323,0.61662555,0.67723984,0.060614288,0.003674092
D-33_A-340,0.8973149,0.87408006,0.023234844,0.000539858
D-127_A-377,0.78033704,0.87797517,0.09763813,0.009533204
D-3_A-187,0.74050736,0.92233646,0.1818291,0.03306182
D-152_A-89,0.76721334,0.9080884,0.14087504,0.019845778
D-129_A-100,0.62074614,0.6478842,0.027138054,0.000736474
D-141_A-80,0.581243,0.5923693,0.011126339,0.00012379543
D-96_A-169,0.94885325,0.79932517,0.14952809,0.022358648
D-48_A-115,0.6170998,0.6560089,0.038909078,0.0015139163
D-28_A-17,1.1018978,1.1625749,0.06067705,0.0036817046
D-116_A-188,0.6450731,0.7269645,0.08189136,0.0067061945
D-24_A-151,0.5834821,0.66896737,0.08548528,0.007307733
D-113_A-334,0.9279005,1.0137937,0.085893214,0.007377644
D-132_A-157,0.61878693,0.61432946,0.0044574738,1.9869072e-05
D-119_A-157,0.5233838,0.61708254,0.09369874,0.008779454
D-138_A-42,0.97726196,0.9560645,0.021197438,0.0004493314
D-159_A-257,0.83455765,0.76427716,0.07028049,0.0049393475
D-43_A-197,0.7829493,0.6373432,0.1456061,0.021201136
D-47_A-200,0.76500535,0.67812943,0.086875916,0.0075474246
D-165_A-45,0.7448378,0.5858961,0.15894175,0.025262479
D-29_A-146,0.6420255,0.7160546,0.07402915,0.0054803146
D-29_A-345,1.197542,1.1374338,0.060108185,0.003612994
D-109_A-177,0.6292128,0.5965029,0.032709897,0.0010699374
D-108_A-271,0.9188585,0.68969923,0.2291593,0.052513983
D-93_A-346,0.9577631,0.8878104,0.06995267,0.0048933756
D-143_A-341,0.692903,0.79520935,0.102306366,0.010466592
D-26_A-174,0.9302096,0.79641575,0.13379383,0.01790079
D-29_A-68,0.5802634,0.66460955,0.084346175,0.007114277
D-100_A-36,1.2941502,1.079419,0.21473122,0.046109494
D-5_A-249,0.7316908,0.86170036,0.13000953,0.016902478
D-46_A-342,1.058624,1.057228,0.00139606,1.9489835e-06
D-158_A-188,0.7004211,0.6641029,0.036318183,0.0013190104
D-39_A-67,0.6688248,0.63245463,0.03637016,0.0013227884
D-39_A-96,0.78752863,0.8198958,0.03236717,0.0010476337
D-83_A-129,0.62354505,0.5834159,0.040129125,0.0016103467
D-138_A-64,0.7677265,0.7258538,0.04187268,0.0017533214
D-159_A-25,1.1690245,1.0914813,0.07754314,0.0060129385
D-35_A-17,0.78996986,0.8367247,0.046754837,0.0021860148
D-127_A-6,0.8179587,0.96851987,0.15056115,0.022668662
D-7_A-233,1.1065705,1.1121049,0.0055344105,3.06297e-05
D-141_A-137,0.7283944,0.6253127,0.1030817,0.010625837
D-45_A-340,0.8183086,0.839752,0.021443427,0.00045982056
D-109_A-316,0.5894142,0.57366604,0.015748143,0.000248004
D-144_A-58,0.6659326,0.6153583,0.050574303,0.00255776
D-143_A-122,0.803731,0.7678052,0.035925806,0.0012906635
D-110_A-131,0.58513033,0.5326264,0.052503943,0.002756664
D-3_A-105,0.6271758,0.7074321,0.08025628,0.006441071
D-34_A-316,0.5876027,0.5832501,0.0043525696,1.8944862e-05
D-144_A-42,0.6721601,0.8496315,0.1774714,0.031496096
D-29_A-52,0.8192571,0.66512746,0.15412962,0.023755942
D-89_A-331,1.0348802,1.000308,0.034572124,0.0011952318
D-154_A-13,1.1562351,1.1187744,0.037460685,0.0014033029
D-31_A-256,0.87469834,1.0106032,0.13590485,0.018470127
D-155_A-235,1.2826903,0.888938,0.39375228,0.15504086
D-98_A-272,0.6534931,0.6542372,0.0007441044,5.5369134e-07
D-28_A-205,0.87346995,0.74994093,0.12352902,0.015259418
D-144_A-159,0.5813596,0.6526553,0.07129568,0.005083074
D-90_A-352,0.82329214,0.8885836,0.065291464,0.0042629754
D-24_A-236,0.76648253,0.76112896,0.00535357,2.8660712e-05
D-137_A-93,0.7307268,0.7192351,0.011491656,0.00013205817
D-118_A-190,0.9794078,0.7171483,0.26225948,0.068780035
D-144_A-51,0.8684553,0.80828005,0.06017524,0.0036210595
D-134_A-76,0.72450703,0.5965999,0.12790716,0.01636024
D-22_A-111,0.6483074,0.6412043,0.0071030855,5.0453826e-05
D-142_A-354,0.8903721,0.89236355,0.0019914508,3.965876e-06
D-132_A-115,0.6593552,0.649346,0.010009229,0.00010018467
D-143_A-353,0.9531915,0.92807585,0.025115669,0.0006307968
D-40_A-330,1.0132354,0.9304957,0.08273977,0.0068458696
D-36_A-55,0.6808444,0.6918233,0.010978878,0.000120535755
D-129_A-30,0.9124211,1.0190314,0.1066103,0.011365755
D-107_A-366,0.6056477,0.68004125,0.07439357,0.0055344035
D-124_A-180,0.6146352,0.63814336,0.023508132,0.00055263226
D-101_A-26,1.0132821,1.0458071,0.032525063,0.0010578797
D-31_A-99,0.9653822,0.8434597,0.12192249,0.014865094
D-124_A-126,0.64100695,0.6310771,0.009929836,9.860164e-05
D-127_A-336,0.8470671,0.86394614,0.016879022,0.00028490138
D-28_A-44,0.83840615,0.81886315,0.019542992,0.00038192855
D-143_A-136,1.2408859,0.5821282,0.6587576,0.4339616
D-155_A-148,0.94880664,0.7838349,0.16497177,0.027215684
D-166_A-155,0.83631474,0.8126485,0.023666263,0.000560092
D-127_A-29,1.0163764,1.0672306,0.050854206,0.0025861503
D-3_A-29,1.3760953,1.1606541,0.21544123,0.046414923
D-22_A-253,0.89339644,0.9758885,0.08249205,0.006804939
D-27_A-271,0.9037057,0.928623,0.024917305,0.0006208721
D-109_A-92,0.5790039,0.59154016,0.012536287,0.0001571585
D-160_A-18,1.1932504,1.078442,0.11480844,0.013180978
D-34_A-122,0.6685216,0.6117515,0.056770086,0.0032228427
D-29_A-219,1.1115618,0.89057595,0.22098583,0.048834737
D-142_A-27,0.8569254,0.8982653,0.041339874,0.0017089852
D-109_A-317,0.79989034,0.67682856,0.123061776,0.015144201
D-154_A-169,1.0322212,0.9618065,0.07041472,0.004958233
D-132_A-353,0.9644182,1.0375735,0.073155284,0.0053516957
D-83_A-153,0.729856,0.7700847,0.040228665,0.0016183455
D-22_A-235,0.7387347,0.80620664,0.06747192,0.0045524603
D-34_A-346,0.85725194,0.86292356,0.0056716204,3.2167278e-05
D-7_A-170,0.6569917,0.7878093,0.13081759,0.017113242
D-40_A-18,1.0790092,1.0594335,0.019575715,0.00038320862
D-118_A-73,0.6245013,0.64115435,0.01665306,0.00027732443
D-118_A-353,1.0973108,0.9116874,0.1856234,0.03445605
D-152_A-227,0.80964756,0.88295287,0.07330531,0.0053736684
D-3_A-365,1.0691198,0.74705106,0.32206875,0.10372828
D-109_A-103,0.693626,0.65719193,0.036434054,0.0013274404
D-36_A-314,0.8945704,0.8859375,0.008632898,7.4526935e-05
D-165_A-195,0.6921488,0.6883077,0.0038411021,1.4754066e-05
D-30_A-286,0.6769649,0.7170519,0.040087044,0.0016069711
D-23_A-166,1.0656368,0.9509882,0.11464858,0.013144297
D-31_A-103,0.6483929,0.63748187,0.010911047,0.00011905096
D-7_A-80,0.6893111,0.7862051,0.096894026,0.009388452
D-108_A-6,0.96644735,0.9505959,0.015851438,0.0002512681
D-88_A-27,0.98809206,0.9863733,0.0017187595,2.9541343e-06
D-118_A-44,1.2124072,0.92019093,0.2922163,0.08539037
D-97_A-339,1.0835341,0.97903186,0.10450226,0.010920722
D-144_A-29,1.0814271,1.0441065,0.037320614,0.0013928282
D-102_A-167,0.6182738,0.5994565,0.018817306,0.000354091
D-122_A-140,0.6637246,0.7227128,0.058988214,0.0034796093
D-84_A-108,0.5839641,0.59089243,0.0069283247,4.8001682e-05
D-7_A-49,0.90818393,1.0603173,0.15213335,0.023144554
D-34_A-2,0.8481711,0.8254062,0.022764921,0.00051824166
D-129_A-368,0.675993,0.6179543,0.05803871,0.003368492
D-118_A-296,0.590145,0.6605955,0.070450485,0.004963271
D-135_A-227,0.8546863,0.78525966,0.069426656,0.0048200605
D-44_A-339,1.269209,1.0603507,0.20885837,0.04362182
D-28_A-344,1.1105355,1.0128964,0.097639084,0.00953339
D-102_A-10,0.8904343,0.9208567,0.03042239,0.0009255218
D-160_A-287,0.67261106,0.66997904,0.002632022,6.9275393e-06
D-129_A-148,0.7802826,0.8026846,0.022401989,0.0005018491
D-100_A-139,0.66174984,0.69920427,0.037454426,0.0014028341
D-43_A-62,0.60543,0.6007126,0.0047174096,2.2253953e-05
D-5_A-244,0.9310026,0.9482743,0.017271698,0.00029831153
D-158_A-124,0.6711105,0.6841529,0.01304239,0.00017010394
D-82_A-56,0.6869009,0.7414071,0.054506183,0.002970924
D-166_A-178,0.58983403,0.66705734,0.0772233,0.005963438
D-96_A-66,0.5978497,0.5831128,0.01473695,0.0002171777
D-22_A-77,0.68542373,0.6415368,0.04388696,0.0019260652
D-140_A-285,0.73239833,0.6840524,0.048345923,0.0023373284
D-33_A-154,0.52468216,0.5916448,0.06696266,0.004483998
D-159_A-156,0.72979385,0.66825324,0.061540604,0.0037872458
D-147_A-157,0.6646809,0.63794416,0.026736736,0.00071485306
D-116_A-38,0.85918784,0.92588556,0.06669772,0.004448585
D-84_A-253,0.75146186,0.76262575,0.01116389,0.00012463245
D-155_A-330,1.0437744,1.0612377,0.017463326,0.00030496778
D-23_A-128,0.65156496,0.5989247,0.05264026,0.002770997
D-5_A-333,1.0132743,1.1549923,0.14171803,0.020084
D-109_A-339,0.85876024,0.8878498,0.02908957,0.00084620307
D-7_A-155,0.831681,0.83986324,0.008182228,6.694885e-05
D-83_A-166,0.8887161,0.7936769,0.09503919,0.009032448
D-116_A-41,0.7116088,0.76535416,0.05374533,0.0028885605
D-24_A-197,0.7218092,0.7230584,0.0012491941,1.560486e-06
D-132_A-56,0.6496757,0.6275809,0.022094846,0.0004881822
D-34_A-329,0.888685,0.8736637,0.015021265,0.00022563839
D-82_A-171,0.56522715,0.67887574,0.11364859,0.012916002
D-23_A-286,0.6696333,0.6703438,0.00071048737,5.047923e-07
D-30_A-314,0.7322195,0.8039637,0.0717442,0.005147231
D-101_A-110,0.5894453,0.61438376,0.024938464,0.00062192697
D-24_A-367,0.8654154,0.7391437,0.12627167,0.015944533
D-145_A-311,0.79992926,0.73738307,0.06254619,0.0039120265
D-46_A-3,0.94495815,0.99185175,0.046893597,0.0021990093
D-127_A-30,0.92758954,0.8736228,0.05396676,0.0029124112
D-48_A-153,0.6558877,0.6387772,0.017110527,0.00029277013
D-101_A-268,0.7945569,0.73735434,0.057202578,0.0032721348
D-34_A-338,0.9325731,0.8669084,0.06566471,0.004311854
D-82_A-315,0.837963,0.73672646,0.10123652,0.010248833
D-129_A-36,0.94078314,0.8049298,0.13585335,0.018456133
D-23_A-80,0.66139215,0.6471109,0.014281273,0.00020395475
D-48_A-259,0.7735186,0.7217136,0.05180502,0.0026837601
D-140_A-321,0.62516993,0.6128554,0.012314558,0.00015164835
D-156_A-266,0.830647,0.7539755,0.07667148,0.005878516
D-112_A-2,0.79245776,0.9766777,0.18421996,0.033936992
D-108_A-17,0.9710655,0.9664257,0.0046398044,2.1527785e-05
D-124_A-25,0.984438,0.87025887,0.114179134,0.013036875
D-112_A-7,0.9754971,1.0128583,0.037361145,0.0013958551
D-116_A-151,0.5467545,0.563297,0.016542494,0.00027365412
D-5_A-4,1.3121642,1.2302887,0.08187544,0.006703588
D-132_A-365,0.7528613,0.6980614,0.054799914,0.0030030305
D-118_A-29,1.1447208,1.1063769,0.038343906,0.0014702552
D-108_A-331,0.9323787,0.9498999,0.017521203,0.00030699253
D-30_A-20,1.1279198,0.97761995,0.15029985,0.022590045
D-152_A-318,0.65678954,0.70335823,0.04656869,0.002168643
D-119_A-38,1.0021331,0.99998695,0.0021461844,4.6061077e-06
D-110_A-157,0.9353875,0.6906809,0.24470657,0.059881307
D-89_A-3,0.8392225,0.8470983,0.0078758,6.202823e-05
D-83_A-8,1.2026733,1.1138406,0.088832736,0.007891255
D-154_A-233,0.99113196,0.7629399,0.22819209,0.05207163
D-101_A-184,0.5989226,0.81412554,0.21520293,0.0463123
D-83_A-36,0.99715734,1.1522932,0.15513587,0.024067137
D-24_A-110,0.63725954,0.63557816,0.0016813874,2.8270638e-06
D-7_A-326,0.8716196,0.91292,0.041300416,0.0017057244
D-143_A-26,0.8924402,0.79004663,0.10239357,0.010484443
D-110_A-316,0.63223714,0.5569643,0.07527286,0.005666003
D-156_A-122,1.0404468,0.8869702,0.15347654,0.023555048
D-117_A-71,0.55819106,0.534105,0.024086058,0.0005801382
D-136_A-173,0.5451063,0.64835596,0.10324967,0.010660494
D-26_A-142,0.71250296,0.6495405,0.06296247,0.003964273
D-43_A-1,0.84184253,0.8752493,0.033406794,0.0011160139
D-30_A-315,0.7505134,0.887845,0.1373316,0.01885997
D-114_A-177,0.58060545,0.59071124,0.010105789,0.00010212696
D-82_A-275,1.0305263,0.8567603,0.17376596,0.030194608
D-5_A-134,0.74557644,0.7918191,0.046242654,0.002138383
D-24_A-198,0.64782536,0.67664737,0.028822005,0.00083070796
D-142_A-36,0.8886617,0.8644797,0.024181962,0.00058476726
D-100_A-97,0.55627847,0.66811305,0.111834586,0.012506975
D-153_A-180,0.6624418,0.7132648,0.050823033,0.0025829806
D-122_A-69,0.56522715,0.5524197,0.012807429,0.00016403024
D-41_A-197,0.82341653,0.69423395,0.12918258,0.016688138
D-41_A-303,0.7073094,0.6573488,0.049960613,0.0024960628
D-5_A-343,1.3749369,1.125799,0.249138,0.06206974
D-48_A-126,0.77155167,0.6751364,0.09641528,0.009295907
D-143_A-339,0.80954653,0.882859,0.07331246,0.005374717
D-30_A-17,1.2328469,1.1686249,0.06422198,0.0041244626
D-43_A-365,0.5671786,0.64356154,0.076382935,0.0058343527
D-118_A-354,1.1082575,1.0661075,0.04215002,0.0017766242
D-114_A-63,0.5443832,0.5357692,0.008614004,7.420106e-05
D-34_A-13,0.9007513,0.7844338,0.11631751,0.013529764
D-109_A-111,0.60651845,0.70139974,0.094881296,0.00900246
D-29_A-103,0.6583134,0.66508085,0.0067674518,4.5798402e-05
D-160_A-65,0.61534274,0.61821777,0.00287503,8.265798e-06
D-28_A-49,0.8133017,0.8488539,0.035552204,0.0012639592
D-89_A-142,0.62761116,0.58282584,0.04478532,0.002005725
D-82_A-232,0.7157994,0.67460775,0.041191638,0.001696751
D-119_A-346,1.0294845,1.0134438,0.016040683,0.0002573035
D-43_A-184,0.7867589,0.706157,0.08060187,0.006496662
D-142_A-42,1.0690732,0.83625513,0.23281807,0.05420425
D-3_A-55,0.88133794,0.61342055,0.2679174,0.07177973
D-124_A-170,0.5322081,0.5799623,0.047754228,0.0022804663
D-5_A-281,0.82417846,0.6470763,0.17710215,0.03136517
D-114_A-113,0.60687613,0.51978534,0.08709079,0.0075848056
D-158_A-351,0.82703954,0.7990293,0.02801025,0.0007845741
D-152_A-80,0.65197706,0.67310876,0.021131694,0.0004465485
D-23_A-289,0.68661326,0.631415,0.055198252,0.003046847
D-107_A-174,0.58131295,0.6058865,0.024573565,0.00060386007
D-109_A-155,0.54665345,0.5612758,0.014622331,0.00021381256
D-121_A-42,0.96559995,0.85085905,0.11474091,0.013165476
D-24_A-106,0.77112406,0.6646777,0.106446385,0.011330833
D-27_A-233,0.8860494,0.8653016,0.02074778,0.00043047042
D-23_A-292,0.5928117,0.5937891,0.000977397,9.553048e-07
D-132_A-27,2.14575,1.0845797,1.0611703,1.1260825
D-34_A-154,0.595976,0.5688496,0.027126372,0.00073584006
D-135_A-194,0.8193659,0.69106805,0.12829787,0.016460342
D-132_A-195,0.6885958,0.70802134,0.019425571,0.00037735282
D-109_A-44,0.6745003,0.6966066,0.02210629,0.00048868806
D-121_A-117,0.6347095,0.6834956,0.048786104,0.002380084
D-7_A-44,1.0554364,1.0527956,0.0026407242,6.973424e-06
D-117_A-55,0.52675027,0.5488428,0.022092521,0.0004880795
D-135_A-332,1.0331697,0.9404639,0.092705846,0.008594374
D-107_A-124,0.7562744,0.6293693,0.12690508,0.0161049
D-143_A-10,0.72075963,0.75698787,0.03622824,0.0013124853
D-134_A-10,0.8644591,0.92753696,0.06307787,0.0039788173
D-122_A-155,0.7242505,0.7750885,0.050837994,0.0025845016
D-156_A-107,0.62236327,0.5718465,0.050516784,0.0025519454
D-88_A-177,0.6296948,0.6069165,0.022778332,0.00051885244
D-157_A-3,0.91373503,0.93967575,0.025940716,0.0006729208
D-100_A-156,0.73909235,0.6816642,0.05742812,0.0032979893
D-97_A-27,1.0240966,0.9911999,0.032896698,0.0010821928
D-165_A-156,0.6082522,0.7329965,0.124744296,0.015561139
D-36_A-317,0.86784106,0.88122255,0.013381481,0.00017906404
D-84_A-268,0.7491372,0.6477751,0.10136211,0.010274277
D-46_A-235,0.9068855,0.95562106,0.04873556,0.0023751548
D-98_A-9,0.76976347,0.9131846,0.14342111,0.020569615
D-160_A-61,0.77390736,0.64893705,0.12497032,0.01561758
D-45_A-332,0.89158493,0.8431495,0.04843545,0.0023459927
D-82_A-104,0.5992414,0.6670146,0.06777322,0.00459321
D-152_A-45,0.60864097,0.698279,0.089638054,0.008034981
D-108_A-329,0.7165691,0.85504,0.13847089,0.019174187
D-83_A-183,0.69806534,0.66351616,0.034549177,0.0011936456
D-96_A-332,0.9589215,0.9677575,0.008836031,7.807544e-05
D-144_A-71,0.67891634,0.5964863,0.082430065,0.0067947158
D-84_A-322,1.1881424,0.6277723,0.56037015,0.3140147
D-97_A-267,0.75751054,0.7686061,0.011095583,0.00012311197
D-99_A-346,0.6179706,0.7460467,0.12807614,0.016403496
D-23_A-19,1.0067824,1.0115618,0.004779339,2.284208e-05
D-26_A-132,0.57042843,0.5983209,0.02789247,0.0007779899
D-117_A-8,0.92647,0.9144194,0.012050569,0.00014521621
D-7_A-92,0.68231386,0.73762363,0.055309772,0.003059171
D-28_A-285,0.752597,0.77533144,0.022734463,0.0005168558
D-7_A-296,1.0960125,0.99278814,0.10322434,0.010655263
D-166_A-199,0.70168835,0.6888638,0.012824535,0.00016446871
D-141_A-265,0.71734655,0.6870155,0.030331075,0.0009199741
D-158_A-38,1.0323534,1.0522686,0.019915223,0.00039661612
D-45_A-3,0.79964155,0.8971806,0.09753907,0.00951387
D-116_A-341,0.8538933,0.8789894,0.025096118,0.00062981516
D-160_A-169,0.6801447,0.7185485,0.03840375,0.001474848
D-3_A-332,0.99761605,1.0456363,0.048020244,0.0023059438
D-147_A-232,0.8207887,0.77517,0.045618653,0.0020810615
D-121_A-109,0.69766104,0.73365504,0.035993993,0.0012955676
D-83_A-280,0.92898893,0.7389882,0.19000071,0.036100272
D-41_A-36,0.78812724,0.8299479,0.041820645,0.0017489664
D-89_A-137,0.69445014,0.6330027,0.06144744,0.003775788
D-124_A-17,1.0146503,1.0024234,0.012226939,0.00014949804
D-132_A-67,0.65968955,0.7466757,0.086986184,0.0075665964
D-83_A-28,1.1676251,1.1380756,0.02954948,0.0008731717
D-93_A-148,1.0822123,0.8115912,0.27062112,0.07323579
D-23_A-140,0.90684664,0.89196575,0.014880896,0.00022144105
D-119_A-331,1.0481592,1.0232282,0.024931073,0.0006215584
D-141_A-177,0.8860105,0.80319446,0.082816064,0.0068585007
D-107_A-295,0.5321381,0.64417285,0.11203474,0.012551783
D-119_A-19,0.9767566,0.93554586,0.04121071,0.0016983227
D-34_A-125,0.94998837,0.71044916,0.2395392,0.05737903
D-3_A-193,0.6631182,0.7727684,0.109650195,0.012023165
D-101_A-354,0.9141782,0.96000797,0.045829773,0.002100368
D-34_A-19,0.80273587,0.7962255,0.006510377,4.2385007e-05
D-99_A-28,0.7043473,0.8272418,0.122894466,0.01510305
D-118_A-181,0.7244293,0.72916526,0.0047359467,2.242919e-05
D-141_A-16,1.0350745,0.9081854,0.12688905,0.016100831
D-30_A-197,0.9776973,0.8940725,0.08362484,0.006993114
D-7_A-1,1.2373639,1.2536578,0.016293883,0.00026549064
D-35_A-189,0.68102324,0.66513807,0.015885174,0.00025233877
D-89_A-62,0.5743624,0.58178866,0.007426262,5.5149365e-05
D-152_A-67,0.6934472,0.66971505,0.023732126,0.0005632138
D-84_A-319,0.84275216,0.68980473,0.15294743,0.023392916
D-140_A-157,0.84067637,0.72367734,0.11699903,0.013688773
D-132_A-11,0.93125916,0.97600764,0.044748485,0.002002427
D-83_A-38,1.1308119,1.1119982,0.01881373,0.00035395642
D-26_A-287,0.6988661,0.67619795,0.022668183,0.0005138465
D-83_A-27,1.1513526,1.1559004,0.004547715,2.0681713e-05
D-28_A-64,0.68688536,0.62418246,0.062702894,0.0039316528
D-96_A-28,0.8924324,0.92581874,0.03338635,0.0011146483
D-141_A-352,0.86027634,0.82013065,0.040145695,0.0016116769
D-27_A-234,1.0628846,0.94091123,0.121973336,0.014877494
D-28_A-282,0.60372734,0.65676033,0.053032994,0.0028124985
D-166_A-26,1.0734037,1.0720029,0.0014008284,1.96232e-06
D-153_A-148,0.99777156,0.9310809,0.06669068,0.0044476474
D-29_A-215,0.96773016,0.9640989,0.0036312938,1.3186294e-05
D-154_A-44,1.0052197,0.90203696,0.10318273,0.010646677
D-46_A-27,1.9658594,1.0715381,0.8943213,0.79981065
D-139_A-37,1.0855633,1.104464,0.018900752,0.00035723843
D-97_A-168,0.5332343,0.592851,0.059616685,0.003554149
D-120_A-30,1.1412611,1.0662374,0.07502365,0.005628548
D-132_A-170,0.7722125,0.74641764,0.025794864,0.000665375
D-82_A-18,1.193888,1.1260638,0.067824125,0.004600112
D-140_A-130,0.54564273,0.57059985,0.02495712,0.0006228579
D-165_A-235,0.80158526,0.94466215,0.1430769,0.020471
D-134_A-64,0.90536946,0.85674685,0.04862261,0.002364158
D-25_A-98,0.6409992,0.640068,0.00093120337,8.671397e-07
D-83_A-168,0.66943896,0.68772596,0.018287003,0.00033441448
D-3_A-320,0.58503705,0.6583391,0.07330203,0.005373188
D-118_A-366,0.5928895,0.7039232,0.11103374,0.012328491
D-82_A-346,1.1178126,1.130147,0.012334347,0.00015213611
D-27_A-299,0.63204277,0.57125056,0.060792208,0.0036956926
D-109_A-346,0.92720854,1.0095178,0.082309246,0.006774812
D-31_A-130,0.82899874,0.5967585,0.23224026,0.05393554
D-127_A-42,0.8616447,0.82003874,0.04160595,0.001731055
D-146_A-156,0.5553533,0.5934869,0.03813362,0.0014541731
D-136_A-276,0.92326677,0.97353774,0.050270975,0.0025271708
D-5_A-127,1.4726647,0.7207927,0.751872,0.5653115
D-141_A-202,0.66164094,0.5709357,0.090705216,0.008227436
D-47_A-38,0.9807839,0.8982553,0.08252859,0.0068109683
D-22_A-25,1.0373292,1.1719414,0.1346122,0.018120445
D-156_A-269,0.88664806,0.8679779,0.018670142,0.0003485742
D-33_A-329,1.0946208,0.961677,0.13294381,0.017674057
D-45_A-329,0.7731299,0.78282136,0.009691477,9.3924726e-05
D-152_A-31,1.0212045,0.9361219,0.08508259,0.0072390474
D-140_A-190,0.8185341,0.71944326,0.099090815,0.00981899
D-26_A-94,0.8056903,0.7991087,0.0065816045,4.331752e-05
D-3_A-375,1.1219332,1.1223541,0.000420928,1.7718038e-07
D-119_A-337,0.90599144,0.95346147,0.047470033,0.0022534041
D-28_A-140,0.85159975,0.89688236,0.045282602,0.002050514
D-144_A-336,1.0074744,0.9935954,0.013879001,0.00019262667
D-99_A-295,0.60001886,0.5904418,0.009577036,9.1719616e-05
D-29_A-25,1.1294125,1.1617732,0.032360673,0.0010472131
D-124_A-154,0.54913354,0.6025788,0.05344528,0.002856398
D-109_A-26,0.92456514,0.91045034,0.014114797,0.00019922749
D-110_A-25,0.92517936,0.9564195,0.031240165,0.00097594794
D-156_A-192,0.5510073,0.58056265,0.02955538,0.0008735205
D-7_A-375,1.393052,1.3168439,0.076208115,0.005807677
D-141_A-25,1.026709,1.0758656,0.049156666,0.002416378
D-47_A-154,0.52551407,0.5926945,0.067180455,0.0045132134
D-44_A-365,0.54137444,0.6655548,0.12418038,0.015420766
D-109_A-160,0.56663436,0.5915401,0.024905741,0.00062029593
D-139_A-9,1.1133578,0.9417955,0.17156225,0.029433608
D-99_A-201,0.493288,0.57646114,0.083173126,0.006917769
D-102_A-7,0.8967085,0.85329336,0.04341513,0.0018848735
D-96_A-264,0.72222906,0.65541357,0.066815495,0.0044643106
D-83_A-35,1.13295,1.1123797,0.020570278,0.00042313634
D-29_A-297,0.7910039,0.5970481,0.19395578,0.037618846
D-122_A-37,0.9497007,0.88248223,0.06721848,0.0045183245
D-43_A-28,0.95813626,0.9083347,0.049801588,0.0024801982
D-82_A-195,0.799455,0.7774293,0.022025704,0.00048513166
D-95_A-346,0.98321736,1.0462751,0.06305778,0.0039762836
D-99_A-68,0.8022461,0.6275648,0.1746813,0.030513559
D-27_A-253,0.85246277,0.96376437,0.1113016,0.012388047
D-127_A-329,0.7425132,0.73421055,0.008302629,6.8933645e-05
D-102_A-8,0.8245361,0.8583724,0.033836305,0.0011448956
D-7_A-56,0.72564214,0.78941184,0.0637697,0.0040665744
D-22_A-64,0.6660181,0.6293835,0.036634624,0.0013420957
D-164_A-148,0.54131997,0.6693986,0.12807864,0.016404137
D-110_A-133,0.5859389,0.5900159,0.0040770173,1.662207e-05
D-25_A-368,0.83020383,0.7813231,0.048880756,0.0023893283
D-132_A-64,0.54765636,0.5938651,0.04620874,0.0021352477
D-98_A-144,0.7983199,0.63724536,0.16107452,0.025945
D-112_A-354,0.91805,0.9317525,0.013702512,0.00018775884
D-39_A-111,0.6108878,0.6181414,0.0072535872,5.2614527e-05
D-134_A-219,0.5841352,0.7721036,0.18796843,0.035332132
D-34_A-37,0.8102851,0.8684006,0.058115482,0.0033774092
D-119_A-323,0.5689901,0.7022775,0.13328737,0.017765524
D-127_A-340,0.7327171,0.81184655,0.07912946,0.006261471
D-147_A-274,0.97737855,0.88054794,0.09683061,0.009376166
D-82_A-157,0.6088198,0.6079141,0.0009056926,8.2027907e-07
D-166_A-250,1.0198206,0.9107434,0.109077156,0.011897826
D-45_A-201,0.55576533,0.64194554,0.08618021,0.007427029
D-99_A-1,0.6457184,0.6822003,0.036481917,0.0013309303
D-101_A-37,1.0361162,0.9603085,0.07580775,0.005746815
D-22_A-200,0.9896392,0.785292,0.2043472,0.041757774
D-113_A-47,0.8206488,0.81790555,0.0027432442,7.5253884e-06
D-29_A-292,0.54793626,0.612617,0.064680755,0.0041836
D-140_A-114,0.80540264,0.6696593,0.13574332,0.018426249
D-116_A-147,0.93995905,0.87297964,0.06697941,0.004486241
D-100_A-56,0.62336624,0.7598639,0.13649768,0.018631615
D-113_A-21,0.8961331,0.8670892,0.029043913,0.00084354886
D-45_A-37,0.89094746,0.859773,0.03117448,0.00097184826
D-22_A-103,0.78036034,0.6898331,0.09052724,0.00819518
D-155_A-345,1.1042458,1.0845741,0.019671679,0.00038697495
D-87_A-153,0.64171445,0.62839395,0.013320506,0.00017743587
D-154_A-160,0.6179395,0.6622542,0.044314742,0.0019637963
D-116_A-366,0.6673087,0.6294256,0.037883103,0.0014351294
D-109_A-148,0.9263456,0.81690496,0.109440625,0.011977251
D-146_A-59,0.5612387,0.6361899,0.07495117,0.005617678
D-129_A-132,0.6357979,0.55666345,0.079134464,0.0062622633
D-34_A-270,0.7077293,0.70064235,0.0070869327,5.0224615e-05
D-122_A-36,1.1324135,0.93195635,0.20045716,0.04018307
D-135_A-79,0.5697598,0.6293095,0.05954969,0.0035461655
D-84_A-346,1.0026696,0.9591747,0.04349488,0.0018918046
D-44_A-139,0.6874296,0.6473063,0.040123284,0.0016098779
D-24_A-321,0.669851,0.6583156,0.011535406,0.0001330656
D-101_A-353,0.9183843,0.9058884,0.012495935,0.0001561484
D-158_A-165,0.6973734,0.6720982,0.02527517,0.00063883426
D-154_A-1,1.0035559,1.0071826,0.0036267042,1.3152983e-05
D-82_A-177,0.76654476,0.9173699,0.15082514,0.022748224
D-100_A-353,1.259514,0.97442293,0.28509104,0.0812769
D-109_A-353,0.8666671,0.9136091,0.046941996,0.002203551
D-24_A-169,0.92157966,0.7439967,0.17758298,0.031535715
D-23_A-177,0.65651745,0.68509537,0.028577924,0.0008166977
D-84_A-25,1.1750731,1.1464906,0.028582573,0.0008169635
D-24_A-177,0.71446216,0.8154731,0.10101092,0.010203206
D-23_A-9,1.0207924,1.0285904,0.0077980757,6.0809984e-05
D-42_A-144,0.47014278,0.5962561,0.1261133,0.015904563
D-94_A-375,0.87469834,0.865633,0.00906533,8.218021e-05
D-88_A-6,0.90399337,0.93507767,0.0310843,0.00096623367
D-34_A-100,0.6228531,0.5775772,0.045275927,0.0020499094
D-140_A-332,0.9150567,0.9508689,0.0358122,0.0012825136
D-3_A-95,0.7689938,0.720465,0.04852879,0.0023550435
D-165_A-117,0.59138894,0.5926888,0.0012998581,1.6896311e-06
D-34_A-56,0.8126486,0.68869907,0.12394953,0.015363486
D-139_A-4,1.123527,1.0183033,0.105223775,0.011072042
D-147_A-11,0.94177055,0.94309,0.001319468,1.7409959e-06
D-118_A-20,1.0284194,0.97922796,0.049191415,0.0024197954
D-7_A-229,0.86652714,1.0826706,0.21614343,0.046717983
D-33_A-93,0.5124837,0.55515397,0.04267025,0.0018207502
D-124_A-2,0.8651122,0.89883155,0.03371936,0.0011369953
D-87_A-244,1.0561905,1.0358402,0.020350337,0.00041413622
D-33_A-141,0.81055725,0.6777578,0.13279945,0.017635694
D-22_A-286,0.6764206,0.6648887,0.011531949,0.00013298585
D-122_A-1,0.8666438,0.8887189,0.022075117,0.00048731078
D-5_A-164,0.81030065,0.75003856,0.060262084,0.0036315187
D-117_A-340,0.801422,0.809348,0.007925987,6.282127e-05
D-3_A-304,0.68095326,0.7066665,0.025713265,0.000661172
D-26_A-267,0.80765724,0.90519756,0.09754032,0.009514114
D-145_A-61,0.5697287,0.5849325,0.015203834,0.00023115656
D-84_A-21,0.8869279,0.8213634,0.06556451,0.0042987056
D-143_A-164,0.6323693,0.54079366,0.09157562,0.008386095
D-28_A-20,1.1123781,0.9688438,0.1435343,0.020602096
D-141_A-366,0.63937426,0.6668231,0.027448833,0.00075343845
D-22_A-192,0.6073115,0.6017129,0.0055986047,3.1344374e-05
D-155_A-243,1.0364895,0.8098368,0.22665268,0.051371437
D-110_A-295,0.5719678,0.60401183,0.032044053,0.0010268213
D-90_A-4,1.0055618,0.91756624,0.08799559,0.0077432236
D-22_A-377,0.96783125,1.0827343,0.11490309,0.01320272
D-119_A-54,0.782996,0.74732316,0.035672843,0.0012725517
D-109_A-11,0.8541576,0.86284286,0.008685231,7.543324e-05
D-82_A-193,0.6784965,0.59349304,0.085003436,0.0072255842
D-35_A-282,0.565336,0.5713313,0.005995333,3.594402e-05
D-3_A-154,0.8519963,0.6673838,0.18461251,0.03408178
D-34_A-226,0.8156652,0.83419967,0.018534482,0.000343527
D-23_A-111,0.6812876,0.6268867,0.05440086,0.0029594537
D-121_A-375,1.1041292,1.0068223,0.09730685,0.0094686225
D-118_A-205,0.86630946,0.7263,0.14000946,0.019602649
D-84_A-334,0.8655631,0.9062509,0.0406878,0.001655497
D-102_A-319,0.60903746,0.61486655,0.005829096,3.397836e-05
D-109_A-35,1.1388975,1.0039374,0.13496017,0.018214248
D-82_A-93,0.94513696,0.7056053,0.23953164,0.057375405
D-84_A-263,0.6777812,0.67602783,0.0017533898,3.0743759e-06
D-34_A-84,0.61758184,0.58336556,0.034216285,0.0011707542
D-159_A-29,1.0419629,1.0897118,0.047748923,0.0022799596
D-118_A-313,0.7917891,0.87670547,0.08491635,0.007210787
D-165_A-332,0.891756,0.87390035,0.017855644,0.00031882402
D-43_A-313,0.6479342,0.63617694,0.011757255,0.00013823304
D-88_A-235,0.6791262,0.77948046,0.100354254,0.010070977
D-83_A-26,1.1405147,1.1341892,0.0063254833,4.001174e-05
D-24_A-109,0.6769493,0.68735737,0.010408044,0.000108327375
D-3_A-250,0.81067383,0.88178355,0.07110971,0.0050565912
D-5_A-183,0.65385854,0.8121126,0.15825409,0.025044356
D-132_A-103,0.6148374,0.59234494,0.022492468,0.0005059111
D-28_A-10,1.1125726,1.0199825,0.09259009,0.008572926
D-23_A-188,0.9724183,0.8351765,0.13724178,0.018835306
D-152_A-17,1.2391832,1.1428497,0.0963335,0.009280144
D-119_A-27,1.094784,1.0908672,0.0039168596,1.534179e-05
D-158_A-146,0.63523036,0.69391507,0.058684707,0.003443895
D-84_A-17,1.0031594,0.985437,0.017722428,0.00031408443
D-139_A-11,1.2212081,0.90413874,0.31706935,0.10053297
D-27_A-127,0.62231666,0.66527563,0.042958975,0.0018454735
D-28_A-41,0.91354066,0.9195902,0.006049514,3.659662e-05
D-157_A-44,0.9072665,0.83356375,0.07370275,0.005432096
D-45_A-313,0.659604,0.6341532,0.025450826,0.0006477445
D-136_A-345,0.9806128,1.0237353,0.04312247,0.0018595475
D-116_A-303,0.63560355,0.5850147,0.050588846,0.0025592314
D-155_A-59,0.6429662,0.64698094,0.0040147305,1.6118061e-05
D-109_A-354,0.9252649,0.9090167,0.016248167,0.0002640029
D-118_A-179,0.9063335,0.82500875,0.081324756,0.006613716
D-102_A-169,0.7044717,0.6605461,0.043925583,0.0019294568
D-89_A-60,0.66327363,0.58909494,0.074178696,0.0055024787
D-102_A-338,0.94282013,0.9653822,0.022562087,0.00050904776
D-127_A-36,0.90728205,0.82688004,0.08040202,0.006464484
D-34_A-140,0.56673545,0.66591686,0.09918141,0.009836953
D-39_A-190,0.7249813,0.6659363,0.059045017,0.003486314
D-160_A-229,0.67856646,0.71993256,0.0413661,0.0017111542
D-101_A-116,0.558502,0.602333,0.04383099,0.0019211557
D-28_A-127,0.71546507,0.7220912,0.006626129,4.3905588e-05
D-95_A-126,0.6816685,0.63588816,0.04578036,0.0020958413
D-34_A-302,0.61002487,0.602264,0.0077608824,6.0231294e-05
D-168_A-152,0.58223814,0.61006856,0.027830422,0.0007745324
D-45_A-18,1.200543,1.0674788,0.13306427,0.0177061
D-3_A-330,1.0324544,1.1105139,0.078059554,0.006093294
D-30_A-354,1.2017248,1.1070416,0.09468317,0.008964903
D-46_A-340,1.0463245,0.95902956,0.087294936,0.007620406
D-107_A-166,0.7778958,0.66905016,0.10884565,0.011847376
D-121_A-83,0.5356989,0.6418864,0.10618752,0.01127579
D-129_A-3,1.5139171,0.850156,0.6637611,0.44057876
D-112_A-209,0.75720733,0.71574765,0.04145968,0.001718905
D-155_A-7,1.3359158,1.0763156,0.25960016,0.067392245
