structure_group_id_v1,structure_group_size,molecule_ids_numeric_sorted,unique_donor_ids,donor_ids_numeric_sorted,unique_acceptor_ids,acceptor_ids_numeric_sorted,unique_donor_structures,unique_acceptor_structures,unique_role_aware_groups,role_annotation_consistent,atom_count_consistent,sidecar_atom_origin_consistent,dft_pdb_json_geometry_consistent,d81_a28_conflict_in_group,geometry_reference_id,geometry_resolved_comparisons,geometry_unresolved_comparisons,geometry_mapping_methods,heavy_atom_rmsd_min_angstrom,heavy_atom_rmsd_max_angstrom,geometry_unresolved_reasons,primary_range_eV,meaningful_target_disagreement_count,representative_eligible_under_strict_rule
000056b2a954d209520830a9d6dafa4b94e6b8cfae89cdff33b125cc945ebda0,2,D41_A28;D42_A28,2,D41;D42,1,A28,1,1,1,True,True,True,True,False,D41_A28,1,0,RESOLVED_INDEX_GRAPH,0.0007687912916116044,0.0007687912916116044,,0.00015371428571431256,7,False
004806c34d49a74c57db7b08ce52a6bf00b12bba59575671611280b41f065d23,2,D52_A172;D53_A172,2,D52;D53,1,A172,2,1,2,False,True,True,True,False,D52_A172,1,0,RESOLVED_INDEX_GRAPH,0.014425407565077653,0.014425407565077653,,0.00014257142857143634,11,False
013e9de0be4c2764525799a8bfb123c58f3d5865e3089248cfe3599a6bbadb8f,2,D96_A13;D96_A14,1,D96,2,A13;A14,1,1,1,True,True,True,True,False,D96_A13,1,0,RESOLVED_INDEX_GRAPH,0.0011672455276433287,0.0011672455276433287,,0.00010771428571443309,11,False
01637edca597f7b58c3d8c390f5d09fb933dfca64c12a014c47953e9bb924e02,2,D41_A355;D42_A355,2,D41;D42,1,A355,1,1,1,True,True,True,True,False,D41_A355,1,0,RESOLVED_INDEX_GRAPH,0.054746037957682306,0.054746037957682306,,0.031149714285714225,16,False
01e52254fee79dff8fda2269c4ed1ddc17a6c2222a5ab76d970bc5cd42d741bc,2,D157_A23;D157_A30,1,D157,2,A23;A30,1,2,2,False,True,True,True,False,D157_A23,1,0,RESOLVED_INDEX_GRAPH,9.334662625523755e-07,9.334662625523755e-07,,2.8571428578594293e-07,0,False
0206c18ddadcc03e1b436a95867f980987247add48e35c519219a782c5146140,2,D41_A8;D42_A8,2,D41;D42,1,A8,1,1,1,True,True,True,True,False,D41_A8,1,0,RESOLVED_INDEX_GRAPH,0.0005522645539668941,0.0005522645539668941,,0.0002851428571428727,7,False
0236a889890742ca11fa0f61ba32507b9ceff245752ad1180c4eacc34db6bd77,2,D52_A367;D53_A367,2,D52;D53,1,A367,2,1,2,False,True,True,True,False,D52_A367,1,0,RESOLVED_INDEX_GRAPH,0.0005699729790618083,0.0005699729790618083,,0.00010571428571432007,6,False
0412b0ca45bbadb4bcd1fc9187dc3faee5835c7669fe4876a2203bd63e414592,2,D41_A163;D42_A163,2,D41;D42,1,A163,1,1,1,True,True,True,True,False,D41_A163,1,0,RESOLVED_INDEX_GRAPH,0.6528570168012893,0.6528570168012893,,0.014904285714285703,16,False
05055b17f3ecbdf6b0324e78231f4a23b62b3821a9b5d4e5482c11f4679f7e9f,2,D17_A185;D17_A186,1,D17,2,A185;A186,1,2,2,False,True,True,True,False,D17_A185,1,0,RESOLVED_INDEX_GRAPH,0.0004836892103750906,0.0004836892103750906,,5.314285714286271e-05,3,False
0833350b3acb7f4b8a953c748a2b7cb0114b946f175daae5240081e7b5cab8a1,2,D167_A13;D167_A14,1,D167,2,A13;A14,1,1,1,True,True,True,True,False,D167_A13,1,0,RESOLVED_INDEX_GRAPH,0.00526064582319082,0.00526064582319082,,0.004424857142857175,13,False
08a9871ecb9ab0124b5ffc8d828ad232303f3cf2430ef8382d06bd5ac2e67e35,2,D18_A185;D18_A186,1,D18,2,A185;A186,1,2,2,False,True,True,True,False,D18_A185,1,0,RESOLVED_INDEX_GRAPH,0.0005454461794503837,0.0005454461794503837,,0.0002682857142857209,12,False
098ee010724bf4f662fefaa2d8cb69eca4f04a5319a7f50478471dcc19594003,2,D19_A182;D19_A187,1,D19,2,A182;A187,1,2,2,False,True,True,True,False,D19_A182,1,0,RESOLVED_INDEX_GRAPH,1.6274191259224096e-05,1.6274191259224096e-05,,7.4285714286581594e-06,0,False
0a584dbff7630d94ec0275983bd86f95dda6dc279cca0c553973565c098d641f,2,D139_A13;D139_A14,1,D139,2,A13;A14,1,1,1,True,True,True,True,False,D139_A13,1,0,RESOLVED_INDEX_GRAPH,0.016529027902139858,0.016529027902139858,,0.003546285714285835,15,False
0b0f61a8598816c1b3964b8138ef9b456b5579b0c921ee1900dfc5f1426962ca,2,D39_A13;D39_A14,1,D39,2,A13;A14,1,1,1,True,True,True,True,False,D39_A13,1,0,RESOLVED_INDEX_GRAPH,0.0007194862707579187,0.0007194862707579187,,4.742857142858714e-05,8,False
0bcc7093ef4b5af716a5c073d13473a62088bf33f6b3041c5997cc00e2314dfb,2,D41_A175;D42_A175,2,D41;D42,1,A175,1,1,1,True,True,True,True,False,D41_A175,1,0,RESOLVED_INDEX_GRAPH,0.00932256045264148,0.00932256045264148,,0.0036888571428571604,14,False
0dd9a508b07c4942bfd2331b0394900063ef04aa15142fcf4024671e2d8b5ef4,2,D18_A182;D18_A187,1,D18,2,A182;A187,1,2,2,False,True,True,True,False,D18_A182,1,0,RESOLVED_INDEX_GRAPH,4.343441806185348e-06,4.343441806185348e-06,,2.8571428571932955e-06,0,False
0eca777ff5914487048701d83fa8ceaab1ad4592ac7dd9975c50a38d837e5d9d,2,D25_A185;D25_A186,1,D25,2,A185;A186,1,2,2,False,True,True,True,False,D25_A185,1,0,RESOLVED_INDEX_GRAPH,1.9637914469506685e-06,1.9637914469506685e-06,,1.7142857142715684e-06,0,False
0f48900e8b76c68a102619582e2fe0eeeaabe8bb8cf8eb1e0335b76a601ef321,2,D31_A274;D31_A277,1,D31,2,A274;A277,1,1,1,True,True,True,True,False,D31_A274,1,0,RESOLVED_INDEX_GRAPH,0.0012073005587719863,0.0012073005587719863,,5.314285714297373e-05,12,False
10b831fe63a7812e19392d8aacb3ff1368d708d83947880f1675a3d4dc65204a,2,D52_A183;D53_A183,2,D52;D53,1,A183,2,1,2,False,True,True,True,False,D52_A183,1,0,RESOLVED_INDEX_GRAPH,10.298962795075514,10.298962795075514,,0.1061751428571428,16,False
10db5efceb392de2f098bedcf15363f655d1142ac63b47602e575808ffea7622,2,D54_A185;D54_A186,1,D54,2,A185;A186,1,2,2,False,True,True,True,False,D54_A185,1,0,RESOLVED_INDEX_GRAPH,0.0006829373888798929,0.0006829373888798929,,0.0028814285714285903,12,False
116e2bd501b6eab956d9ffb8ed2a27e700be54152df9b28fe02569d44faacabd,2,D52_A279;D53_A279,2,D52;D53,1,A279,2,1,2,False,True,True,True,False,D52_A279,1,0,RESOLVED_INDEX_GRAPH,5.11216790616754,5.11216790616754,,0.07414914285714286,16,False
138f94f006948dc15f5c776645f39c0211231141f13890063a82a05ea13b7028,2,D48_A274;D48_A277,1,D48,2,A274;A277,1,1,1,True,True,True,True,False,D48_A274,1,0,RESOLVED_INDEX_GRAPH,0.07534747529714836,0.07534747529714836,,0.005345714285714287,15,False
13c1953fadbf4b128c193b8256bed65568f7d0cea67cba7e3d11496f880e4df8,2,D158_A23;D158_A30,1,D158,2,A23;A30,1,2,2,False,True,True,True,False,D158_A23,1,0,RESOLVED_INDEX_GRAPH,5.453656791857733e-07,5.453656791857733e-07,,0.0,0,False
13c1f2b74e3b5cda4deb1a47c796e43516e506d187c4b9f4d3cb8ac6e542a40b,2,D27_A185;D27_A186,1,D27,2,A185;A186,1,2,2,False,True,True,True,False,D27_A185,1,0,RESOLVED_INDEX_GRAPH,3.4790366081867435e-06,3.4790366081867435e-06,,5.1428571429257275e-06,0,False
1420049dace7211eb83ba5907fe622178f7b54c1790a0c7c2af31f8ad960ab26,2,D135_A182;D135_A187,1,D135,2,A182;A187,1,2,2,False,True,True,True,False,D135_A182,1,0,RESOLVED_INDEX_GRAPH,0.06310202509021193,0.06310202509021193,,0.0036817142857142326,16,False
14b1b4706503970c4b7ed0dddcef5f339acb6eaa65b82ea905fa4b091c652115,2,D52_A140;D53_A140,2,D52;D53,1,A140,2,1,2,False,True,True,True,False,D52_A140,1,0,RESOLVED_INDEX_GRAPH,6.471496301310738,6.471496301310738,,0.06339314285714287,16,False
15d957ebdf722de59c0c8e4e563640d0816af7c4b4b1f2bee86f48605e829bf5,2,D52_A189;D53_A189,2,D52;D53,1,A189,2,1,2,False,True,True,True,False,D52_A189,1,0,RESOLVED_INDEX_GRAPH,0.6825824978573847,0.6825824978573847,,0.12025000000000002,15,False
16581324475eeded485a94c83c88138016be702d81b41182862d31147d077531,2,D170_A185;D170_A186,1,D170,2,A185;A186,1,2,2,False,True,True,True,False,D170_A185,1,0,RESOLVED_INDEX_GRAPH,0.00019565854998213688,0.00019565854998213688,,1.571428571434108e-05,5,False
16f3d1b1aa321c6011a78f7296eaa9b58c95cdd02adc66c0b809195e7149b1fc,2,D121_A23;D121_A30,1,D121,2,A23;A30,1,2,2,False,True,True,True,False,D121_A23,1,0,RESOLVED_INDEX_GRAPH,0.001745600319343715,0.001745600319343715,,6.228571428579244e-05,6,False
182b871a067563e1366a23da9ee92962f5171163b281c8d859c689ec3ac15326,2,D92_A23;D92_A30,1,D92,2,A23;A30,1,2,2,False,True,True,True,False,D92_A23,1,0,RESOLVED_INDEX_GRAPH,4.091543164235491e-05,4.091543164235491e-05,,1.3142857142822706e-05,2,False
1970969622588e07e9bdf6065ad9460895f2b172abdeb27e821688f232b6b792,2,D41_A373;D42_A373,2,D41;D42,1,A373,1,1,1,True,True,True,True,False,D41_A373,1,0,RESOLVED_INDEX_GRAPH,0.00043952322781425345,0.00043952322781425345,,2.6571428571431355e-05,1,False
19870f76593f07dbc2c4206080e9fb78da295e2cad2e55cb2c75e58736282ebb,2,D63_A13;D63_A14,1,D63,2,A13;A14,1,1,1,True,True,True,True,False,D63_A13,1,0,RESOLVED_INDEX_GRAPH,0.0018982334787000046,0.0018982334787000046,,0.00029685714285709874,11,False
1a4242cff361bc778f05fcaa39b3f9d4b9e05fe08c65f17759fbab84f9476853,2,D41_A280;D42_A280,2,D41;D42,1,A280,1,1,1,True,True,True,True,False,D41_A280,1,0,RESOLVED_INDEX_GRAPH,0.0004085500671587726,0.0004085500671587726,,0.0003645714285713808,8,False
1a4a82aad85e121fbc545bec3d01e7cf4253f892a435ccc509f09b1c64be0d9a,2,D12_A185;D12_A186,1,D12,2,A185;A186,1,2,2,False,True,True,True,False,D12_A185,1,0,RESOLVED_INDEX_GRAPH,2.055202533213729e-05,2.055202533213729e-05,,4.571428571464864e-06,3,False
1b5bb77616cea3fd3dcc98539351621aa3f5e00050c305e53b355476a70deac6,2,D52_A17;D53_A17,2,D52;D53,1,A17,2,1,2,False,True,True,True,False,D52_A17,1,0,RESOLVED_INDEX_GRAPH,0.006919973510795404,0.006919973510795404,,0.0007080000000000419,11,False
1b647e7017b7ac0a1fd0620be81fa9c6df46dab57d638fb271b0a9e52c2d20dd,2,D146_A13;D146_A14,1,D146,2,A13;A14,1,1,1,True,True,True,True,False,D146_A13,1,0,RESOLVED_INDEX_GRAPH,0.004661924675738794,0.004661924675738794,,0.005310857142857062,12,False
1ba604c5fc4f500a5fed53310e9f20a9d3c3a778edc3492e60d1e60a39f2e932,2,D41_A16;D42_A16,2,D41;D42,1,A16,1,1,1,True,True,True,True,False,D41_A16,1,0,RESOLVED_INDEX_GRAPH,0.0008432470638425588,0.0008432470638425588,,9.942857142852812e-05,7,False
1cdc85d966ad429cacf5272d77ce9194a82f69f5e6a75303b23da54fb5965f19,2,D52_A368;D53_A368,2,D52;D53,1,A368,2,1,2,False,True,True,True,False,D52_A368,1,0,RESOLVED_INDEX_GRAPH,0.0018686737261154546,0.0018686737261154546,,0.00015742857142858613,9,False
1e110dbcb49a616b207025d1260bd91c731386840b2b30f0da27e825a25bdded,2,D52_A365;D53_A365,2,D52;D53,1,A365,2,1,2,False,True,True,True,False,D52_A365,1,0,RESOLVED_INDEX_GRAPH,0.00647063837614946,0.00647063837614946,,0.001868857142857172,11,False
1e72c3eb23ea6d0b04cdbce6548968641bebf4674ecc617b3e4be0956841a9e0,2,D52_A259;D53_A259,2,D52;D53,1,A259,2,1,2,False,True,True,True,False,D52_A259,1,0,RESOLVED_INDEX_GRAPH,6.609634077438549,6.609634077438549,,0.07427599999999995,16,False
1ef2853a81442a34bf334ae986013da3d987ccc88d04f98d17b8a0a610f68b8c,2,D55_A185;D55_A186,1,D55,2,A185;A186,1,2,2,False,True,True,True,False,D55_A185,1,0,RESOLVED_INDEX_GRAPH,0.0007117440462622278,0.0007117440462622278,,7.199999999996098e-05,7,False
1f5da7b682a6ea6cf9a6006dcbf9ca516fc7ff32e3b7f97f67c1ae87f7953d34,2,D41_A25;D42_A25,2,D41;D42,1,A25,1,1,1,True,True,True,True,False,D41_A25,1,0,RESOLVED_INDEX_GRAPH,0.0024267722656304636,0.0024267722656304636,,0.0006857142857142895,11,False
1f8897f1f85f8594bf925ed1cc14941f6e525e946dd2be957ba80923097ae6ae,2,D30_A182;D30_A187,1,D30,2,A182;A187,1,2,2,False,True,True,True,False,D30_A182,1,0,RESOLVED_INDEX_GRAPH,0.0022792117143330365,0.0022792117143330365,,0.0009854285714284705,12,False
214fdce902d34b70b9fe1bee32652b18255257d862faa7248816f46d48cd9497,2,D119_A23;D119_A30,1,D119,2,A23;A30,1,2,2,False,True,True,True,False,D119_A23,1,0,RESOLVED_INDEX_GRAPH,0.0002309150284645335,0.0002309150284645335,,5.142857142814705e-06,2,False
21c9dd74de0ae4f7b833f43955b1f5f3b503d5e4b7e83345e09c514b9737bfb4,2,D37_A182;D37_A187,1,D37,2,A182;A187,1,2,2,False,True,True,True,False,D37_A182,1,0,RESOLVED_INDEX_GRAPH,0.0025782206324940784,0.0025782206324940784,,0.0020588571428571956,15,False
2238fc4b82609500db28e6b3cbb07551af4ad7bd97e9910bafaa719bc9e6fe7f,2,D29_A185;D29_A186,1,D29,2,A185;A186,1,2,2,False,True,True,True,False,D29_A185,1,0,RESOLVED_INDEX_GRAPH,0.0033484045687304414,0.0033484045687304414,,0.0028248571428571845,14,False
24441f51971564d9187eb5549cc59ecf361dfb18974c65b6564da96f789b04a8,2,D135_A13;D135_A14,1,D135,2,A13;A14,1,1,1,True,True,True,True,False,D135_A13,1,0,RESOLVED_INDEX_GRAPH,0.001044997850799449,0.001044997850799449,,0.0004022857142856884,9,False
24768b7ac86674ef4f5536fd63df9c99bbaf83f0140ac832bc69188f6c5a9d64,2,D123_A23;D123_A30,1,D123,2,A23;A30,1,2,2,False,True,True,True,False,D123_A23,1,0,RESOLVED_INDEX_GRAPH,0.006318902017714712,0.006318902017714712,,0.006064571428571419,14,False
24ea6b920874def873fec4692f60ce8c789d491bdfc3bfbba1bd6fd0659f1508,2,D52_A6;D53_A6,2,D52;D53,1,A6,2,1,2,False,True,True,True,False,D52_A6,1,0,RESOLVED_INDEX_GRAPH,0.0007863337927495913,0.0007863337927495913,,0.0001120000000000565,9,False
2511d439a5893069d4710f26e174f490e73e50ef038d39aed78c5a67b6bcd0ca,2,D140_A13;D140_A14,1,D140,2,A13;A14,1,1,1,True,True,True,True,False,D140_A13,1,0,RESOLVED_INDEX_GRAPH,0.0034363512691186,0.0034363512691186,,0.006813714285714312,14,False
25a174e9476e42dc7ef0891e0c07826e892271bb89fa543dc01f8fabf399d255,2,D52_A5;D53_A5,2,D52;D53,1,A5,2,1,2,False,True,True,True,False,D52_A5,1,0,RESOLVED_INDEX_GRAPH,0.002306818069985637,0.002306818069985637,,0.0005797142857142945,14,False
27c856c71093589440e465eccdbe0fb105239ed5c1c839afcad66640212da066,2,D52_A341;D53_A341,2,D52;D53,1,A341,2,1,2,False,True,True,True,False,D52_A341,1,0,RESOLVED_INDEX_GRAPH,0.0004257415256161404,0.0004257415256161404,,2.142857142856114e-05,3,False
28a9227d4e8acf492ebaaf98efb8f0062517d1b976a8831fc5e669992b15c396,2,D41_A341;D42_A341,2,D41;D42,1,A341,1,1,1,True,True,True,True,False,D41_A341,1,0,RESOLVED_INDEX_GRAPH,0.0004702061771843149,0.0004702061771843149,,1.1714285714226058e-05,4,False
29a2ecfcdfd9cdf3c66166f3dd98b04e1cfa53d3aebb832bb75e2cf9bcce9e63,2,D32_A185;D32_A186,1,D32,2,A185;A186,1,2,2,False,True,True,True,False,D32_A185,1,0,RESOLVED_INDEX_GRAPH,0.0007390180541556204,0.0007390180541556204,,0.0025479999999999947,10,False
2a029f417cdba64eee1572b58a51805240cb5cbf09505824283bdd14ce16e8c9,2,D153_A185;D153_A186,1,D153,2,A185;A186,1,2,2,False,True,True,True,False,D153_A185,1,0,RESOLVED_INDEX_GRAPH,0.0005736924835447493,0.0005736924835447493,,0.00023685714285714976,11,False
2a9ca455e456caf3d7b5c3a8e88a038d99719927a0c9d83f74b42bea3d7a96b2,2,D92_A13;D92_A14,1,D92,2,A13;A14,1,1,1,True,True,True,True,False,D92_A13,1,0,RESOLVED_INDEX_GRAPH,7.781804086348936e-07,7.781804086348936e-07,,0.0,0,True
2b249cc51c79a874be8e408b2a2a277199082987be38de3543c4fb938a520e61,2,D1_A182;D1_A187,1,D1,2,A182;A187,1,2,2,False,True,True,True,False,D1_A182,1,0,RESOLVED_INDEX_GRAPH,0.00013713810633257076,0.00013713810633257076,,1.6285714285690922e-05,1,False
2b3eadaf164a6f93c40ae979cbf4db8d63d23329ceabf783b473e713e704505c,2,D5_A182;D5_A187,1,D5,2,A182;A187,1,2,2,False,True,True,True,False,D5_A182,1,0,RESOLVED_INDEX_GRAPH,7.277799919813972e-07,7.277799919813972e-07,,2.8571428578594293e-07,0,False
2b6378e1bb445e5c4d59de1800463943f821a0dc990d7a19fe6d95d1ee752eb4,3,D41_A23;D41_A30;D42_A30,2,D41;D42,2,A23;A30,1,2,2,False,True,True,True,False,D41_A23,2,0,RESOLVED_INDEX_GRAPH,0.0007741754289212491,0.0016387643328424262,,5.142857142859114e-05,8,False
2bbbe4b1381215e8bc54604370cf7b027f37eaaed3df16d57038f7e4b013a9ae,2,D95_A23;D95_A30,1,D95,2,A23;A30,1,2,2,False,True,True,True,False,D95_A23,1,0,RESOLVED_INDEX_GRAPH,0.0004415786343744547,0.0004415786343744547,,0.00022542857142859862,8,False
2c4a5daff8bc2c0fe1a54ef2b48cda03ada833049105f6aa340752148ded609a,2,D86_A23;D86_A30,1,D86,2,A23;A30,1,2,2,False,True,True,True,False,D86_A23,1,0,RESOLVED_INDEX_GRAPH,0.00030682690974487265,0.00030682690974487265,,8.914285714278769e-05,4,False
2c66308888e92641c45fa59fa3cb7c651985d0c159b56436185187374f72d6f1,2,D144_A23;D144_A30,1,D144,2,A23;A30,1,2,2,False,True,True,True,False,D144_A23,1,0,RESOLVED_INDEX_GRAPH,6.848771479947857e-07,6.848771479947857e-07,,5.714285714608636e-07,0,False
2d0b17964d37a95de0e198cf215a21d51575ed257089accf4a35b47097c4bfe7,2,D11_A274;D11_A277,1,D11,2,A274;A277,1,1,1,True,True,True,True,False,D11_A274,1,0,RESOLVED_INDEX_GRAPH,0.0024537862814491044,0.0024537862814491044,,0.001359714285714242,12,False
2d27dacfc5bce6c1c7d21639039cd0c78d117b0287346517548e2ca4830018e3,2,D126_A23;D126_A30,1,D126,2,A23;A30,1,2,2,False,True,True,True,False,D126_A23,1,0,RESOLVED_INDEX_GRAPH,0.0005481401305615043,0.0005481401305615043,,2.8000000000028002e-05,8,False
2e762c04cd9a597a6ecfe4038f0b446add9c6bf54e387682ec5f58cfb153efda,2,D119_A182;D119_A187,1,D119,2,A182;A187,1,2,2,False,True,True,True,False,D119_A182,1,0,RESOLVED_INDEX_GRAPH,0.44119232266770225,0.44119232266770225,,0.02119257142857134,20,False
2f36405c687100526fe01a9bef393f7ac8817c30aac1d5de6613dda2364bda68,2,D52_A147;D53_A147,2,D52;D53,1,A147,2,1,2,False,True,True,True,False,D52_A147,1,0,RESOLVED_INDEX_GRAPH,0.0011773058034117996,0.0011773058034117996,,0.00012857142857136683,11,False
2f73ed554a0fc5ee47014efb984ba09fc7ccc173a02c64a2b54e5fbfe63332e5,2,D159_A185;D159_A186,1,D159,2,A185;A186,1,2,2,False,True,True,True,False,D159_A185,1,0,RESOLVED_INDEX_GRAPH,1.6387203989219083,1.6387203989219083,,0.0021091428571429205,19,False
2f87d80036d7c320a31ce4fee797333e69c0bd1e29b27ff190077750a6ac7876,2,D41_A375;D42_A375,2,D41;D42,1,A375,1,1,1,True,True,True,True,False,D41_A375,1,0,RESOLVED_INDEX_GRAPH,0.0003352374872605596,0.0003352374872605596,,5.314285714286271e-05,3,False
2fa674bf323947c3df8d760f767a4ea6ba7ec199251c1559b9e8f8305e9cdb19,2,D11_A185;D11_A186,1,D11,2,A185;A186,1,2,2,False,True,True,True,False,D11_A185,1,0,RESOLVED_INDEX_GRAPH,8.795119478506602e-06,8.795119478506602e-06,,5.714285713498413e-07,0,False
31f11c6c43187e4aeedb788d312fbce9c3af37f8304fe6f64ae236589a6da618,2,D52_A141;D53_A141,2,D52;D53,1,A141,2,1,2,False,True,True,True,False,D52_A141,1,0,RESOLVED_INDEX_GRAPH,0.0047024025996479065,0.0047024025996479065,,0.00024857142857143133,10,False
322c37f2a651a6ff683db6ce91bbbde351877bd0f91fe7a6eab4d217ab40a59e,2,D47_A23;D47_A30,1,D47,2,A23;A30,1,2,2,False,True,True,True,False,D47_A23,1,0,RESOLVED_INDEX_GRAPH,0.0003430802038513416,0.0003430802038513416,,5.399999999988747e-05,2,False
329c7bda034f0cf7744dea55471d788c7dd05f18620c784d8eb32b6b79403ed3,2,D13_A274;D13_A277,1,D13,2,A274;A277,1,1,1,True,True,True,True,False,D13_A274,1,0,RESOLVED_INDEX_GRAPH,0.0006607331759367538,0.0006607331759367538,,0.00017942857142860813,6,False
3484fd9a4c73f30e360f526eb3118976a34c24147c8e574008fb648be159e472,2,D78_A13;D78_A14,1,D78,2,A13;A14,1,1,1,True,True,True,True,False,D78_A13,1,0,RESOLVED_INDEX_GRAPH,0.002328796445927053,0.002328796445927053,,0.010876857142857133,12,False
349c4bdb36afc3f8b1ac11a835c5e9142023a7842bf351b2d8324b92b17cb9f6,2,D29_A182;D29_A187,1,D29,2,A182;A187,1,2,2,False,True,True,True,False,D29_A182,1,0,RESOLVED_INDEX_GRAPH,0.0011236482162051249,0.0011236482162051249,,0.001239428571428669,13,False
356e208d8907f93ba3aa77d906b0a563b966ef48d03c7e6b2b1f237cce656eba,2,D52_A171;D53_A171,2,D52;D53,1,A171,2,1,2,False,True,True,True,False,D52_A171,1,0,RESOLVED_INDEX_GRAPH,9.035930468568939,9.035930468568939,,0.0846068571428572,16,False
360a41034227ee9aa9e4ec43514f5beaaabc204b314002c443dac0e4bd49bf19,2,D164_A13;D164_A14,1,D164,2,A13;A14,1,1,1,True,True,True,True,False,D164_A13,1,0,RESOLVED_INDEX_GRAPH,0.0006080010431374972,0.0006080010431374972,,1.7714285714398592e-05,2,False
36b415584ad3799e472716ea4ee76ca981be7334171a212c8091f3943318e10f,2,D41_A141;D42_A141,2,D41;D42,1,A141,1,1,1,True,True,True,True,False,D41_A141,1,0,RESOLVED_INDEX_GRAPH,0.008994972913262067,0.008994972913262067,,0.0013319999999999999,17,False
36c45d958796756afe7224df3341bc0545202fc69a98e5a338caea385c7f1f34,2,D41_A20;D42_A20,2,D41;D42,1,A20,1,1,1,True,True,True,True,False,D41_A20,1,0,RESOLVED_INDEX_GRAPH,0.0017217625267808867,0.0017217625267808867,,0.003338571428571413,12,False
36cb918fe2bb55aaf4ab33fe5d24d487297d0aa2471458f4b7ec7c9e84f48408,2,D41_A379;D42_A379,2,D41;D42,1,A379,1,1,1,True,True,True,True,False,D41_A379,1,0,RESOLVED_INDEX_GRAPH,0.0011472182685689726,0.0011472182685689726,,0.0012528571428571667,10,False
36e8476416ae26c03a071eb4880f9aa8863ddb1f2efecaf172ca89dd8554f210,2,D41_A350;D42_A350,2,D41;D42,1,A350,1,1,1,True,True,True,True,False,D41_A350,1,0,RESOLVED_INDEX_GRAPH,0.0008279362855406006,0.0008279362855406006,,9.342857142857763e-05,6,False
37b9b103c3dad7b676ab8319c7100f2cbc834f8ddaf797073f196d7371c3d41f,2,D19_A185;D19_A186,1,D19,2,A185;A186,1,2,2,False,True,True,True,False,D19_A185,1,0,RESOLVED_INDEX_GRAPH,3.3096660039309263e-06,3.3096660039309263e-06,,2.8571428578594293e-07,0,False
37cb05664518bfa205835b88ff85480f922c9a5a4364533ddd795346c1023785,2,D52_A165;D53_A165,2,D52;D53,1,A165,2,1,2,False,True,True,True,False,D52_A165,1,0,RESOLVED_INDEX_GRAPH,0.011885554881367113,0.011885554881367113,,0.02871114285714288,14,False
37e57362067a7b59aa1baadb0d51e518c36bdee75d603560938939bd9fcdbc3f,2,D58_A23;D58_A30,1,D58,2,A23;A30,1,2,2,False,True,True,True,False,D58_A23,1,0,RESOLVED_INDEX_GRAPH,0.0007714153483021228,0.0007714153483021228,,1.8285714285748433e-05,6,False
3861a85019c882a1ba9d526ab5c6715b1fa0fcf35be6dc9aa350ea8a0242ad94,2,D43_A23;D43_A30,1,D43,2,A23;A30,1,2,2,False,True,True,True,False,D43_A23,1,0,RESOLVED_INDEX_GRAPH,0.0006387095058581091,0.0006387095058581091,,0.00018428571428574791,6,False
39a24d9c1cdf391e573de692df1fce36256b988c727a96ec2b270cfa4e77778d,2,D52_A188;D53_A188,2,D52;D53,1,A188,2,1,2,False,True,True,True,False,D52_A188,1,0,RESOLVED_INDEX_GRAPH,0.0012271683220905513,0.0012271683220905513,,0.00048285714285717374,11,False
3abce04b453cb1c7bab7864d628bd2260bac65adff29d359660ed36fad902fe1,2,D152_A185;D152_A186,1,D152,2,A185;A186,1,2,2,False,True,True,True,False,D152_A185,1,0,RESOLVED_INDEX_GRAPH,0.0004151526154106981,0.0004151526154106981,,4.2571428571447356e-05,6,False
3ae738d22e774436a94a818422d2f3e7cc9e1015733488eb4d80bc3d7806c45d,2,D41_A6;D42_A6,2,D41;D42,1,A6,1,1,1,True,True,True,True,False,D41_A6,1,0,RESOLVED_INDEX_GRAPH,0.00019110109659004995,0.00019110109659004995,,3.342857142851763e-05,4,False
3b2b8e4b3cebb3249766e90dd9c4c1bb0e916db94e8ea7efadc35eb53ea82f11,2,D97_A23;D97_A30,1,D97,2,A23;A30,1,2,2,False,True,True,True,False,D97_A23,1,0,RESOLVED_INDEX_GRAPH,0.001272303258503705,0.001272303258503705,,0.0025517142857142128,12,False
3be16584902261bacadedf0da89c3f5e3bdc883a193e93bfcb3f10c3cbe5a0f3,2,D52_A332;D53_A332,2,D52;D53,1,A332,2,1,2,False,True,True,True,False,D52_A332,1,0,RESOLVED_INDEX_GRAPH,0.008970518493156323,0.008970518493156323,,0.0011925714285714317,13,False
3be9018278cca99278893928a2f1a9b2b663cf896021c7e119e9c1f487a9af0d,2,D89_A13;D89_A14,1,D89,2,A13;A14,1,1,1,True,True,True,True,False,D89_A13,1,0,RESOLVED_INDEX_GRAPH,0.0003573626316256308,0.0003573626316256308,,0.0,1,False
3beb07bb7bd4f3ccaf23db093bec8fd2305925178ea20834b465f551cc606146,2,D41_A230;D42_A230,2,D41;D42,1,A230,1,1,1,True,True,True,True,False,D41_A230,1,0,RESOLVED_INDEX_GRAPH,0.4755731312212776,0.4755731312212776,,0.0036914285714286788,20,False
3c6d19271690ba2b143f1004f735315b1ac6420675c158db0f1c293fe1cbf04b,2,D66_A13;D66_A14,1,D66,2,A13;A14,1,1,1,True,True,True,True,False,D66_A13,1,0,RESOLVED_INDEX_GRAPH,0.0008845170975235672,0.0008845170975235672,,3.7142857143290797e-06,5,False
3c835a86d874a224c230b15c1fe2be5c442956683f1aff8a3a4d2e358d29fae2,2,D61_A182;D61_A187,1,D61,2,A182;A187,1,2,2,False,True,True,True,False,D61_A182,1,0,RESOLVED_INDEX_GRAPH,0.40289182701099135,0.40289182701099135,,0.013665714285714281,20,False
3d4cfd4b79c1c0204d63f3437ae267e52e2d6f0eb30e75ece4cf7b97f1e2543a,2,D15_A274;D15_A277,1,D15,2,A274;A277,1,1,1,True,True,True,True,False,D15_A274,1,0,RESOLVED_INDEX_GRAPH,0.0012564632439384933,0.0012564632439384933,,0.0004308571428570662,10,False
3e898edbcec5e958a96689c859429181eb71f1328d050d3dcbf46fc06fde1677,2,D23_A182;D23_A187,1,D23,2,A182;A187,1,2,2,False,True,True,True,False,D23_A182,1,0,RESOLVED_INDEX_GRAPH,9.250745050562804e-07,9.250745050562804e-07,,5.714285714053524e-07,0,False
3e92da07fe6d4c16be7e22b5b6299490f9169fdbb0736674ece26762e3fd7cd6,2,D52_A328;D53_A328,2,D52;D53,1,A328,2,1,2,False,True,True,True,False,D52_A328,1,0,RESOLVED_INDEX_GRAPH,0.0036976266245081412,0.0036976266245081412,,0.0036828571428571544,12,False
3ee0e44297e66c0ecc2ebad975b6337473e88adad9d2c1bd9f06a79039e631ae,2,D41_A170;D42_A170,2,D41;D42,1,A170,1,1,1,True,True,True,True,False,D41_A170,1,0,RESOLVED_INDEX_GRAPH,0.0004750744446693488,0.0004750744446693488,,2.8000000000028002e-05,7,False
3f9e34ba0329b331da2e1eec379aea8a6086e52d53a2a1b7030d00b984f79a3e,2,D52_A181;D53_A181,2,D52;D53,1,A181,2,1,2,False,True,True,True,False,D52_A181,1,0,RESOLVED_INDEX_GRAPH,0.004089653385032713,0.004089653385032713,,0.004740285714285697,15,False
3fa8311564030138800de7529c76f4df6e293cdd3917ad274bf99ccdffed43bc,2,D41_A227;D42_A227,2,D41;D42,1,A227,1,1,1,True,True,True,True,False,D41_A227,1,0,RESOLVED_INDEX_GRAPH,0.002522528267370265,0.002522528267370265,,0.001683714285714455,12,False
3fd7bc8e7fcbaf3780b88418b2978ac4613d36e157367abbe7b067bcf0feb8be,2,D33_A274;D33_A277,1,D33,2,A274;A277,1,1,1,True,True,True,True,False,D33_A274,1,0,RESOLVED_INDEX_GRAPH,0.0007462414431449738,0.0007462414431449738,,0.00012685714285709526,11,False
3ffafb702ecc181c27ee98ce25f956c1cdd840ce5eb82c014f5ead0256443f32,2,D93_A13;D93_A14,1,D93,2,A13;A14,1,1,1,True,True,True,True,False,D93_A13,1,0,RESOLVED_INDEX_GRAPH,0.004394704766630803,0.004394704766630803,,0.0002802857142857329,9,False
403a7e233335b481aba02bfdeeaef08a8dddfca548de41d96886ff184a8e3a6c,2,D52_A275;D53_A275,2,D52;D53,1,A275,2,1,2,False,True,True,True,False,D52_A275,1,0,RESOLVED_INDEX_GRAPH,1.1282246194556267,1.1282246194556267,,0.019341142857142835,20,False
42b26fe0db6195bb17aa940e69f4ea89c03e1cbcb960e63b05ee15cf5f60bc22,2,D52_A36;D53_A36,2,D52;D53,1,A36,2,1,2,False,True,True,True,False,D52_A36,1,0,RESOLVED_INDEX_GRAPH,0.6215729113326948,0.6215729113326948,,0.00808342857142852,19,False
44e856fe7c11b1bb19910fb24eb3bcdd22d681356857dd2112a49d980a5f7e64,2,D96_A23;D96_A30,1,D96,2,A23;A30,1,2,2,False,True,True,True,False,D96_A23,1,0,RESOLVED_INDEX_GRAPH,2.816793742082855e-06,2.816793742082855e-06,,5.142857142814705e-06,0,False
4634928d6175524f4c577fab8e4e198e86436013716b0130030fe84aeca7056f,2,D70_A13;D70_A14,1,D70,2,A13;A14,1,1,1,True,True,True,True,False,D70_A13,1,0,RESOLVED_INDEX_GRAPH,0.0013142959794120875,0.0013142959794120875,,3.799999999998249e-05,5,False
46c4add09f91ed88ad4c564c1c5621573563186fd9484e86bc8408979d729459,2,D133_A23;D133_A30,1,D133,2,A23;A30,1,2,2,False,True,True,True,False,D133_A23,1,0,RESOLVED_INDEX_GRAPH,0.007219399407274332,0.007219399407274332,,0.0013699999999999823,13,False
46f89cf9e5d7286f6757578ca4094dc11b1f21b55cc60af587bb5923777e7e95,2,D130_A13;D130_A14,1,D130,2,A13;A14,1,1,1,True,True,True,True,False,D130_A13,1,0,RESOLVED_INDEX_GRAPH,0.2483596977462066,0.2483596977462066,,0.01056514285714294,20,False
4796f87fa2fea1aba6e946632794c776e3b3d6f015a443bc47d7f904e2ac9230,2,D46_A182;D46_A187,1,D46,2,A182;A187,1,2,2,False,True,True,True,False,D46_A182,1,0,RESOLVED_INDEX_GRAPH,0.0011615486375249828,0.0011615486375249828,,0.0011579999999999924,13,False
47c60cb8b6b100db1ba56ddbcf29272a933b022cb7a1f670d21e40643647c0bc,2,D145_A13;D145_A14,1,D145,2,A13;A14,1,1,1,True,True,True,True,False,D145_A13,1,0,RESOLVED_INDEX_GRAPH,7.901710950250243e-07,7.901710950250243e-07,,5.714285713498413e-07,0,True
493aedf60288a226e1fe74e6c279766cafdb02a60466d92b226a51cefced39ad,2,D52_A361;D53_A361,2,D52;D53,1,A361,2,1,2,False,True,True,True,False,D52_A361,1,0,RESOLVED_INDEX_GRAPH,0.00928551113631595,0.00928551113631595,,0.004480857142857175,13,False
49aad3d857d3d2f0017feb6d6045f6e3829249bf3c032a90b8178b4375a8afd5,2,D98_A13;D98_A14,1,D98,2,A13;A14,1,1,1,True,True,True,True,False,D98_A13,1,0,RESOLVED_INDEX_GRAPH,0.0007608511798708259,0.0007608511798708259,,4.799999999993698e-05,7,False
49eaa554883e96cc04dce48bade53120a9616b0c3bec19a5ca7f290dfd74d92e,2,D41_A336;D42_A336,2,D41;D42,1,A336,1,1,1,True,True,True,True,False,D41_A336,1,0,RESOLVED_INDEX_GRAPH,0.004942329449016314,0.004942329449016314,,0.0011574285714285315,12,False
4ace455c3e5643958c0067b0f25673c6e994b99ac93ceb88067a20e1f91a03a7,2,D43_A185;D43_A186,1,D43,2,A185;A186,1,2,2,False,True,True,True,False,D43_A185,1,0,RESOLVED_INDEX_GRAPH,0.0004974665064891058,0.0004974665064891058,,0.000451714285714222,11,False
4b705d111de8dd0e9b0add776f7aa23e334f64d17042b2e61106efefc1d54164,2,D41_A358;D42_A358,2,D41;D42,1,A358,1,1,1,True,True,True,True,False,D41_A358,1,0,RESOLVED_INDEX_GRAPH,0.005949678420319861,0.005949678420319861,,0.0017545714285713832,12,False
4c747a26d53680f658fcf1cf46bfad69c2b83e64ec6164d447da18c97094215e,2,D52_A314;D53_A314,2,D52;D53,1,A314,2,1,2,False,True,True,True,False,D52_A314,1,0,RESOLVED_INDEX_GRAPH,0.00353943023901828,0.00353943023901828,,0.000787714285714225,12,False
4f4d14741a33140895ad6c3761f006904b6f8a80b7353c28f3265c8c929dd645,2,D134_A13;D134_A14,1,D134,2,A13;A14,1,1,1,True,True,True,True,False,D134_A13,1,0,RESOLVED_INDEX_GRAPH,0.00024094937175836206,0.00024094937175836206,,0.00015114285714279418,5,False
4f6c7c374d0504518d763f33ed300434a0f3879975d22b7f35f651fe00b3b8ba,2,D45_A182;D45_A187,1,D45,2,A182;A187,1,2,2,False,True,True,True,False,D45_A182,1,0,RESOLVED_INDEX_GRAPH,0.0008126166058298239,0.0008126166058298239,,0.00018657142857148035,8,False
501e990180e8c5c55f7ae17faa2448a39c934e49003df6eed49196087b826fe9,2,D4_A182;D4_A187,1,D4,2,A182;A187,1,2,2,False,True,True,True,False,D4_A182,1,0,RESOLVED_INDEX_GRAPH,0.000165149960838192,0.000165149960838192,,3.0857142857110276e-05,2,False
5118638739ad992d9019e5c5639680038f9059dfc565ae55cb93f4a6ea4f64ef,2,D88_A13;D88_A14,1,D88,2,A13;A14,1,1,1,True,True,True,True,False,D88_A13,1,0,RESOLVED_INDEX_GRAPH,0.0002762093706611696,0.0002762093706611696,,3.4571428571439355e-05,1,False
51bdd12e0f6cfeb664efbc155a636dae777686dc3f370cdbdfc4daa314aa6e20,2,D64_A13;D64_A14,1,D64,2,A13;A14,1,1,1,True,True,True,True,False,D64_A13,1,0,RESOLVED_INDEX_GRAPH,0.0033870901281270877,0.0033870901281270877,,0.0002471428571428902,10,False
523946ce380b3752744fec5f456b4ccaad33e865a351368add943d28e8a8b2ee,2,D76_A23;D76_A30,1,D76,2,A23;A30,1,2,2,False,True,True,True,False,D76_A23,1,0,RESOLVED_INDEX_GRAPH,0.001002189946523007,0.001002189946523007,,0.0002551428571428982,8,False
526e28e6c2ebdcaf904f3c7b1ebdf4d7fc3b8f0c5e84eecf93a596123053fa8a,2,D57_A23;D57_A30,1,D57,2,A23;A30,1,2,2,False,True,True,True,False,D57_A23,1,0,RESOLVED_INDEX_GRAPH,0.0015039634842553117,0.0015039634842553117,,0.0006180000000000074,12,False
537915073812859eec3804c661e8735621baccb3030aa307e2a7dbac58c934c3,2,D83_A185;D83_A186,1,D83,2,A185;A186,1,2,2,False,True,True,True,False,D83_A185,1,0,RESOLVED_INDEX_GRAPH,1.6148179065733898e-06,1.6148179065733898e-06,,8.571428571357842e-07,0,False
53c3377a02c973daaf3fad83069666abcaa5af1f7fa68fb5d7b0209d21f90d3e,2,D4_A274;D4_A277,1,D4,2,A274;A277,1,1,1,True,True,True,True,False,D4_A274,1,0,RESOLVED_INDEX_GRAPH,0.0015542173988761575,0.0015542173988761575,,0.0007762857142857849,11,False
5440d626cbdb7ef7201b3f18861a8061e69d8c2e7fff3c98056753bad2a7901d,2,D41_A173;D42_A173,2,D41;D42,1,A173,1,1,1,True,True,True,True,False,D41_A173,1,0,RESOLVED_INDEX_GRAPH,0.0025488030673490223,0.0025488030673490223,,0.00500085714285714,13,False
54ecc09766a7f0839e8316554ec853666728895ac5bb3df7eab4c3f3918ff3cb,2,D52_A276;D53_A276,2,D52;D53,1,A276,2,1,2,False,True,True,True,False,D52_A276,1,0,RESOLVED_INDEX_GRAPH,0.4746863693041871,0.4746863693041871,,0.06288171428571432,16,False
55f3df47c2b0d246a9fc481f8b86344a011b2a01d3c19249cd2a577115156683,2,D52_A178;D53_A178,2,D52;D53,1,A178,2,1,2,False,True,True,True,False,D52_A178,1,0,RESOLVED_INDEX_GRAPH,0.7723493624119592,0.7723493624119592,,0.011314571428571396,16,False
57a62c8a026484d63802946582ce4647dce32725c3274959fe5ea54afe0ae2da,2,D10_A182;D10_A187,1,D10,2,A182;A187,1,2,2,False,True,True,True,False,D10_A182,1,0,RESOLVED_INDEX_GRAPH,7.638065557954412e-07,7.638065557954412e-07,,1.4285714284856255e-06,0,False
59067e59b579308e8b84140a7fcd8b53e49035664170cec4ce599aa38758e0b7,2,D8_A274;D8_A277,1,D8,2,A274;A277,1,1,1,True,True,True,True,False,D8_A274,1,0,RESOLVED_INDEX_GRAPH,2.8805492165105104e-05,2.8805492165105104e-05,,2.0285714285694922e-05,2,False
5b5e4ac34ade00ecc0603ed756f3556737a19d6d29ac599a7f6fc58515deb81e,2,D7_A185;D7_A186,1,D7,2,A185;A186,1,2,2,False,True,True,True,False,D7_A185,1,0,RESOLVED_INDEX_GRAPH,3.624093706642805e-07,3.624093706642805e-07,,0.0,0,False
5cb1c7aa9073e7ae3f27499eaf6f3503872c0c81c26264b1335d20138f844996,2,D93_A23;D93_A30,1,D93,2,A23;A30,1,2,2,False,True,True,True,False,D93_A23,1,0,RESOLVED_INDEX_GRAPH,7.623267589913033e-07,7.623267589913033e-07,,2.8571428571932955e-06,0,False
5d4465062358a26199db296ea365514ca524ed34b01d706b0db5bdd64be63c22,2,D133_A13;D133_A14,1,D133,2,A13;A14,1,1,1,True,True,True,True,False,D133_A13,1,0,RESOLVED_INDEX_GRAPH,0.005747546622388515,0.005747546622388515,,0.008520000000000083,10,False
5e168dc379c581a89bada3e13e179a6a816a948125188e51659d58619b95a900,2,D52_A363;D53_A363,2,D52;D53,1,A363,2,1,2,False,True,True,True,False,D52_A363,1,0,RESOLVED_INDEX_GRAPH,0.0003933212259093245,0.0003933212259093245,,0.00014485714285705775,6,False
5ec3aa6184e1732a5468fb3f6de5e8f2b8b1b9dd910c1a55293a34bad7318a33,2,D91_A23;D91_A30,1,D91,2,A23;A30,1,2,2,False,True,True,True,False,D91_A23,1,0,RESOLVED_INDEX_GRAPH,0.0008767321492757889,0.0008767321492757889,,0.00025771428571430555,9,False
5f7f36c77b949a3c76b09c76c033f205e90c5b45f66549cc8ed77144f59e97d6,2,D156_A23;D156_A30,1,D156,2,A23;A30,1,2,2,False,True,True,True,False,D156_A23,1,0,RESOLVED_INDEX_GRAPH,2.5217168578609836e-06,2.5217168578609836e-06,,1.7142857142715684e-06,0,False
5fed2b36a80cd8a89c5ae79350d4dc14708f2341d25c774882955775c9a70af8,2,D56_A13;D56_A14,1,D56,2,A13;A14,1,1,1,True,True,True,True,False,D56_A13,1,0,RESOLVED_INDEX_GRAPH,0.0009077511345338333,0.0009077511345338333,,0.0001382857142857019,8,False
60875a619d75f5c2fed9dcc7faeb2162f3e7d25c8b0b070ff88cf68fc1142052,2,D41_A228;D42_A228,2,D41;D42,1,A228,1,1,1,True,True,True,True,False,D41_A228,1,0,RESOLVED_INDEX_GRAPH,0.0016679204857005276,0.0016679204857005276,,0.0023374285714286014,13,False
60aab95571d26995815068b526fdd1b773181d080b6cfe98442a887b717adb2d,2,D55_A23;D55_A30,1,D55,2,A23;A30,1,2,2,False,True,True,True,False,D55_A23,1,0,RESOLVED_INDEX_GRAPH,0.00476503395933926,0.00476503395933926,,0.0032325714285713625,17,False
61212d8414798eb960b628122072fa835c2a0cf1dae6b276a6e05ac7b5c0c5a5,2,D52_A9;D53_A9,2,D52;D53,1,A9,2,1,2,False,True,True,True,False,D52_A9,1,0,RESOLVED_INDEX_GRAPH,0.0008792736574300632,0.0008792736574300632,,0.00018171428571428505,10,False
61a28675c78478b153a65198b2ae0f7aa882260b2e3c72747a89d4ea368c9831,2,D52_A34;D53_A34,2,D52;D53,1,A34,2,1,2,False,True,True,True,False,D52_A34,1,0,RESOLVED_INDEX_GRAPH,0.001476641956821448,0.001476641956821448,,0.00038085714285712724,10,False
61a683297a30438dc10d1aac17c0b46ffdf76024207c7cb95d3ecd58d5e354d6,2,D20_A185;D20_A186,1,D20,2,A185;A186,1,2,2,False,True,True,True,False,D20_A185,1,0,RESOLVED_INDEX_GRAPH,0.0003405920256216224,0.0003405920256216224,,0.0001540000000000985,4,False
620361875cc02ee2db2a45684323db5ff024b02a8b744a7b03c932c127a214c3,2,D60_A185;D60_A186,1,D60,2,A185;A186,1,2,2,False,True,True,True,False,D60_A185,1,0,RESOLVED_INDEX_GRAPH,0.00024301170342738723,0.00024301170342738723,,0.00018257142857147635,6,False
6238d52f504667e39f9ba03c2c78be5102e81b3c24d80e05d2159745b65cf132,2,D52_A10;D53_A10,2,D52;D53,1,A10,2,1,2,False,True,True,True,False,D52_A10,1,0,RESOLVED_INDEX_GRAPH,0.0021311527141689122,0.0021311527141689122,,0.0007391428571428271,10,False
62c5f63264f75e19cced812c5aaa08aba57dd0571852ef1b284d362321aac1bc,2,D49_A23;D49_A30,1,D49,2,A23;A30,1,2,2,False,True,True,True,False,D49_A23,1,0,RESOLVED_INDEX_GRAPH,0.0005281286204359203,0.0005281286204359203,,0.00035399999999996545,10,False
62c660184bdbdf629f3c9c2f9ace876541f75d6c780dc3313ccf46433323afb7,2,D52_A22;D53_A22,2,D52;D53,1,A22,2,1,2,False,True,True,True,False,D52_A22,1,0,RESOLVED_INDEX_GRAPH,0.001426492254205163,0.001426492254205163,,0.0010365714285714978,12,False
6343749a449b4911f293a6e3916f02307f7279f7713dd68f2956737ca7ec4b51,2,D147_A185;D147_A186,1,D147,2,A185;A186,1,2,2,False,True,True,True,False,D147_A185,1,0,RESOLVED_INDEX_GRAPH,0.003151702903603953,0.003151702903603953,,0.002251428571428571,13,False
637e3f9861fcc7119e1cc6cfe8309b87df98238ca0220b4f3083db334859cc57,2,D16_A182;D16_A187,1,D16,2,A182;A187,1,2,2,False,True,True,True,False,D16_A182,1,0,RESOLVED_INDEX_GRAPH,0.0008210590607365864,0.0008210590607365864,,2.485714285727081e-05,8,False
63bd0e6996a7b775e5f2fc0d3124072fbefa754f1bfbbab44e5c7598b8e1469f,2,D71_A185;D71_A186,1,D71,2,A185;A186,1,2,2,False,True,True,True,False,D71_A185,1,0,RESOLVED_INDEX_GRAPH,0.003174908250204216,0.003174908250204216,,0.00026799999999993496,12,False
643f8cb7cd8198b9a482e2a480f0a07328e60b2aeb9b500c2dea172b98a4e87d,2,D91_A13;D91_A14,1,D91,2,A13;A14,1,1,1,True,True,True,True,False,D91_A13,1,0,RESOLVED_INDEX_GRAPH,0.0007927312748795372,0.0007927312748795372,,0.0005922857142857119,11,False
646843518c22470ef88a06cab718fb0efda7c4757a4150dc030a8d1710c25862,2,D41_A353;D42_A353,2,D41;D42,1,A353,1,1,1,True,True,True,True,False,D41_A353,1,0,RESOLVED_INDEX_GRAPH,0.00020055904326625294,0.00020055904326625294,,0.0,1,False
668ab848aba3cb6ca6e1cf8808921174d9924d888634cee02e1e6e11dd7f20d6,2,D19_A274;D19_A277,1,D19,2,A274;A277,1,1,1,True,True,True,True,False,D19_A274,1,0,RESOLVED_INDEX_GRAPH,0.0007362589744121854,0.0007362589744121854,,0.002026285714285758,14,False
66ba03e490918d714ff0ecc7d03c840ad5c6e0a5e3c51a331d5724c15e303f81,2,D13_A185;D13_A186,1,D13,2,A185;A186,1,2,2,False,True,True,True,False,D13_A185,1,0,RESOLVED_INDEX_GRAPH,0.0005630789749558627,0.0005630789749558627,,4.71428571428012e-05,5,False
66f6542d43332f2e333cd8fe06338507744006a29fead59f194bfe884a2b9859,2,D52_A234;D53_A234,2,D52;D53,1,A234,2,1,2,False,True,True,True,False,D52_A234,1,0,RESOLVED_INDEX_GRAPH,1.9767327576827205,1.9767327576827205,,0.07621314285714281,16,False
67924c839022fc69f9147d8dd2071cd85348e731d91861b00fe2989e2ef02617,2,D16_A185;D16_A186,1,D16,2,A185;A186,1,2,2,False,True,True,True,False,D16_A185,1,0,RESOLVED_INDEX_GRAPH,0.0005543987876838927,0.0005543987876838927,,7.057142857136434e-05,9,False
697accaef312bb96c1e41d2e5bce4772490d8fda7bab9c07ecbe17c8d738611e,2,D39_A182;D39_A187,1,D39,2,A182;A187,1,2,2,False,True,True,True,False,D39_A182,1,0,RESOLVED_INDEX_GRAPH,0.0003037199866240525,0.0003037199866240525,,1.4571428571474865e-05,6,False
6aa4b574b76820f346a726689ab285dc66b0c9927232f790a843af16389c8b26,2,D52_A44;D53_A44,2,D52;D53,1,A44,2,1,2,False,True,True,True,False,D52_A44,1,0,RESOLVED_INDEX_GRAPH,2.36528246784124,2.36528246784124,,0.0856068571428571,15,False
6af254445f773a918a9b1a81600480866bb8cdd5f2a672a544a97a7dec0e6d5e,2,D20_A274;D20_A277,1,D20,2,A274;A277,1,1,1,True,True,True,True,False,D20_A274,1,0,RESOLVED_INDEX_GRAPH,0.0013332344115286273,0.0013332344115286273,,0.0002651428571429082,8,False
6b2deb89122dc3707b99cd5837bce7bbd1383af655f49d22a0997d5b7c17a699,2,D130_A23;D130_A30,1,D130,2,A23;A30,1,2,2,False,True,True,True,False,D130_A23,1,0,RESOLVED_INDEX_GRAPH,0.002512658788760403,0.002512658788760403,,0.0010105714285714162,13,False
6b655a7114466dc8b2057d845cb9633738c57662483ee87e19a377ea47aacbab,2,D83_A182;D83_A187,1,D83,2,A182;A187,1,2,2,False,True,True,True,False,D83_A182,1,0,RESOLVED_INDEX_GRAPH,0.007735090413832292,0.007735090413832292,,0.00997085714285717,12,False
6b7dcace3e8ead9ddde499526a7c9226b28f1a40a8f75ab9a339808bd97c0de4,2,D70_A182;D70_A187,1,D70,2,A182;A187,1,2,2,False,True,True,True,False,D70_A182,1,0,RESOLVED_INDEX_GRAPH,0.015109979225226711,0.015109979225226711,,0.0005094285714285496,15,False
6f112aae7a9fdaaf841413d20c4d6eb5f4a7a2eda4d83a7ed495f013bc82b409,2,D87_A13;D87_A14,1,D87,2,A13;A14,1,1,1,True,True,True,True,False,D87_A13,1,0,RESOLVED_INDEX_GRAPH,0.0005617107061454246,0.0005617107061454246,,0.0001180000000000625,4,False
6f18febb31e7061ed174a9ca348c600d6bb954e15dbad5a681483adbc17c8f46,2,D41_A352;D42_A352,2,D41;D42,1,A352,1,1,1,True,True,True,True,False,D41_A352,1,0,RESOLVED_INDEX_GRAPH,0.38580390730805925,0.38580390730805925,,0.03178114285714295,16,False
70ff85ac758a60a93ce50c5a693ef0007a182eca9c1770588596859f095ab531,2,D144_A182;D144_A187,1,D144,2,A182;A187,1,2,2,False,True,True,True,False,D144_A182,1,0,RESOLVED_INDEX_GRAPH,0.002133145366969912,0.002133145366969912,,0.0005308571428571662,11,False
71394c77871322e88df8153c4bcd3f85187f66e2ed28ccbde43e5e12b378d694,2,D52_A122;D53_A122,2,D52;D53,1,A122,2,1,2,False,True,True,True,False,D52_A122,1,0,RESOLVED_INDEX_GRAPH,4.111644564015734,4.111644564015734,,0.0463202857142857,20,False
721b882d5434a87d32d3f83e687c93dcd56ca85fe6d522abc154fa844cae3f81,2,D65_A13;D65_A14,1,D65,2,A13;A14,1,1,1,True,True,True,True,False,D65_A13,1,0,RESOLVED_INDEX_GRAPH,0.0012434205633873264,0.0012434205633873264,,4.285714285678921e-06,8,False
729e2183d6b98630f2c214d111d00674a71e9fb8a364d72b3678240a10300b56,2,D52_A308;D53_A308,2,D52;D53,1,A308,2,1,2,False,True,True,True,False,D52_A308,1,0,RESOLVED_INDEX_GRAPH,0.11555350275768593,0.11555350275768593,,0.02741085714285707,16,False
72f692d08348f033a5d240d76a5e861c1655e6694dd25911d1194238a27c33ce,2,D37_A185;D37_A186,1,D37,2,A185;A186,1,2,2,False,True,True,True,False,D37_A185,1,0,RESOLVED_INDEX_GRAPH,0.0024292990682643475,0.0024292990682643475,,0.00014999999999998348,13,False
7349f913677dc34275fa941056a617d9e0301582c3ab36594f9be0baff143b0c,2,D41_A207;D42_A207,2,D41;D42,1,A207,1,1,1,True,True,True,True,False,D41_A207,1,0,RESOLVED_INDEX_GRAPH,0.00016679881627302168,0.00016679881627302168,,8.571428571357842e-07,1,False
741ffd155c92f8d886b60d3850393c869f730a5b47bfe4561a999e2138ddd276,2,D24_A185;D24_A186,1,D24,2,A185;A186,1,2,2,False,True,True,True,False,D24_A185,1,0,RESOLVED_INDEX_GRAPH,0.0004626896310829589,0.0004626896310829589,,0.0005048571428571402,10,False
74286e105e5340a8d3d8dcdd1bc9193e9c6ec6de3c733f7f76fa0cffa1e94552,2,D41_A233;D42_A233,2,D41;D42,1,A233,1,1,1,True,True,True,True,False,D41_A233,1,0,RESOLVED_INDEX_GRAPH,0.0005491799733358114,0.0005491799733358114,,4.742857142858714e-05,7,False
75f0e7ce0bcc337dbabd156d6a0980ff9288446968782abf55c7678cbee2c04e,2,D158_A182;D158_A187,1,D158,2,A182;A187,1,2,2,False,True,True,True,False,D158_A182,1,0,RESOLVED_INDEX_GRAPH,0.5187903303360949,0.5187903303360949,,0.006157142857142861,16,False
76421bfc28927e1139bff23e6ecd1ebf8c496fdd28ba32cbf2f786e3e27268d2,2,D55_A13;D55_A14,1,D55,2,A13;A14,1,1,1,True,True,True,True,False,D55_A13,1,0,RESOLVED_INDEX_GRAPH,0.0015609967316380059,0.0015609967316380059,,0.00010571428571426456,7,False
76669db00aee27edba61feba3072cc5f60fb59d00564bd08b8f420a1417b7edc,2,D111_A13;D111_A14,1,D111,2,A13;A14,1,1,1,True,True,True,True,False,D111_A13,1,0,RESOLVED_INDEX_GRAPH,0.0004226609315326534,0.0004226609315326534,,0.0005257142857142405,14,False
784bf71463e631341fc36ed7db6d4eb7e660fd5fe9a23dae55c9490a6255837e,2,D52_A168;D53_A168,2,D52;D53,1,A168,2,1,2,False,True,True,True,False,D52_A168,1,0,RESOLVED_INDEX_GRAPH,0.0028114707777461604,0.0028114707777461604,,0.0021762857142856307,13,False
79de658dc820e76a9164e07a0b0d5d82d7c903c49e930be6563e94a454530697,2,D52_A14;D53_A13,2,D52;D53,2,A13;A14,2,1,2,False,True,True,True,False,D52_A14,1,0,RESOLVED_INDEX_GRAPH,0.003545565950340015,0.003545565950340015,,0.0002685714285713958,10,False
7a4ab33a1dbbac91daf3d7a9ef6c29c3cb73ca6f74f87c013c568143d7fd3b31,2,D55_A182;D55_A187,1,D55,2,A182;A187,1,2,2,False,True,True,True,False,D55_A182,1,0,RESOLVED_INDEX_GRAPH,0.00146344901846772,0.00146344901846772,,0.00164485714285717,12,False
7ae006d09f9a988bae938c60b56fd747fbbbb9cf9896ffb094e9ece2d431c09c,2,D17_A182;D17_A187,1,D17,2,A182;A187,1,2,2,False,True,True,True,False,D17_A182,1,0,RESOLVED_INDEX_GRAPH,0.0008048392462208975,0.0008048392462208975,,0.0006822857142856353,13,False
7b4ffa262be0fa8a7eb6d321de0f4a5b9a988ee432e4400c82ce2ad5d44cd0a2,2,D22_A185;D22_A186,1,D22,2,A185;A186,1,2,2,False,True,True,True,False,D22_A185,1,0,RESOLVED_INDEX_GRAPH,0.00019251450407224634,0.00019251450407224634,,6.399999999984196e-05,1,False
7c487cddbbef0b8dc40dec47869a0513de3d6405fbd23a448931b601c981e94a,2,D1_A274;D1_A277,1,D1,2,A274;A277,1,1,1,True,True,True,True,False,D1_A274,1,0,RESOLVED_INDEX_GRAPH,0.00424081026341993,0.00424081026341993,,0.006160857142857079,12,False
7da91ebf537690cc072cb5582a2b16ea48f7d572e2f01a28f8fe8fea222ce4a4,2,D125_A13;D125_A14,1,D125,2,A13;A14,1,1,1,True,True,True,True,False,D125_A13,1,0,RESOLVED_INDEX_GRAPH,0.12695597329404995,0.12695597329404995,,0.008701428571428638,19,False
7e6199fcbe8ba5fe52e0bd9329deb5267b139a810a2aa50a448ad333ab6d2e80,2,D121_A13;D121_A14,1,D121,2,A13;A14,1,1,1,True,True,True,True,False,D121_A13,1,0,RESOLVED_INDEX_GRAPH,0.00042553036694112253,0.00042553036694112253,,2.2000000000077513e-05,2,False
7f35698997e9a6a77f79543dd6822140014f32047e8b75cbf4895a7da83c00d7,2,D170_A274;D170_A277,1,D170,2,A274;A277,1,1,1,True,True,True,True,False,D170_A274,1,0,RESOLVED_INDEX_GRAPH,8.465256606151771e-06,8.465256606151771e-06,,4.857142857028762e-06,1,False
7f66a7ca0c87e796470f62a281d8bda035ae5cbc47bbb6fd48bc812676a439a5,2,D37_A23;D37_A30,1,D37,2,A23;A30,1,2,2,False,True,True,True,False,D37_A23,1,0,RESOLVED_INDEX_GRAPH,0.0020998132979600076,0.0020998132979600076,,0.0011280000000000179,12,False
7f66c84c8b71378d3d4a5bcb46fb4db74f816a9fd3448af3d5e3b94038b7ec7e,2,D70_A23;D70_A30,1,D70,2,A23;A30,1,2,2,False,True,True,True,False,D70_A23,1,0,RESOLVED_INDEX_GRAPH,0.0033899943573151214,0.0033899943573151214,,0.004692857142857276,13,False
80fb5101b2a598f715094d84747ca45f0fe6f21e708bb2f92741995cb6b1517d,2,D41_A26;D42_A26,2,D41;D42,1,A26,1,1,1,True,True,True,True,False,D41_A26,1,0,RESOLVED_INDEX_GRAPH,0.0005230280414506833,0.0005230280414506833,,0.00011685714285702975,8,False
81aaa7e6aea51aab74c12eae229d60a323a016e29552679de426c26e8c02e2de,2,D75_A182;D75_A187,1,D75,2,A182;A187,1,2,2,False,True,True,True,False,D75_A182,1,0,RESOLVED_INDEX_GRAPH,0.0005558908202416547,0.0005558908202416547,,0.00016371428571426705,12,False
838b1c24f5dd4f5ff3fb9c72eb7e965320e9381aee26b03a096b27235e578843,2,D47_A274;D47_A277,1,D47,2,A274;A277,1,1,1,True,True,True,True,False,D47_A274,1,0,RESOLVED_INDEX_GRAPH,0.7656534292593568,0.7656534292593568,,0.10431371428571429,20,False
844777951c8b5e19de77e5651138ba13cf8e3025a7f4a5c8d3634332f0469193,2,D41_A39;D42_A39,2,D41;D42,1,A39,1,1,1,True,True,True,True,False,D41_A39,1,0,RESOLVED_INDEX_GRAPH,3.0072312636287625e-06,3.0072312636287625e-06,,4.000000000115023e-06,0,True
8451d5745d4b784218c0b3901ba702532d8218201160a0f853e33beca417827e,2,D41_A329;D42_A329,2,D41;D42,1,A329,1,1,1,True,True,True,True,False,D41_A329,1,0,RESOLVED_INDEX_GRAPH,0.008539776605379312,0.008539776605379312,,0.0005631428571428176,16,False
84e461b52d33faa7f9d8ff5dae77ae10212410a1bce9a3f7f8cdcc01bde423bc,2,D68_A13;D68_A14,1,D68,2,A13;A14,1,1,1,True,True,True,True,False,D68_A13,1,0,RESOLVED_INDEX_GRAPH,0.0009108445803435073,0.0009108445803435073,,0.0008191428571427961,7,False
85bd5b721095bd2bc4ed8ddeefd8ad1366ae892e02638d4e6021efb30902fac6,2,D41_A371;D42_A371,2,D41;D42,1,A371,1,1,1,True,True,True,True,False,D41_A371,1,0,RESOLVED_INDEX_GRAPH,0.00017912092433615238,0.00017912092433615238,,4.9714285714430595e-05,4,False
863841ef88593c96ea9f4b78ef9c18c782c61b03761786fdef8c8d8ddf11a838,2,D36_A274;D36_A277,1,D36,2,A274;A277,1,1,1,True,True,True,True,False,D36_A274,1,0,RESOLVED_INDEX_GRAPH,0.00034983562408557597,0.00034983562408557597,,0.0001391428571428932,7,False
86a0630422e718b593ffae3d9e6bb016446670d50f52d033ca6865a39b12f5e0,2,D145_A23;D145_A30,1,D145,2,A23;A30,1,2,2,False,True,True,True,False,D145_A23,1,0,RESOLVED_INDEX_GRAPH,0.00036540513659775905,0.00036540513659775905,,0.00014971428571419754,4,False
8847a1d827cc459754e4d141991db0859e9c4c5bb6f3cd31fc346f317ce8c6fc,2,D41_A42;D42_A42,2,D41;D42,1,A42,1,1,1,True,True,True,True,False,D41_A42,1,0,RESOLVED_INDEX_GRAPH,0.0011010006042765075,0.0011010006042765075,,0.00011457142857151936,11,False
889d62a48b0aa98b9bedda8f553fd31df8658e0781163a1ad5afb621accbca2f,2,D41_A147;D42_A147,2,D41;D42,1,A147,1,1,1,True,True,True,True,False,D41_A147,1,0,RESOLVED_INDEX_GRAPH,0.0014986127371200446,0.0014986127371200446,,0.00022371428571432705,10,False
88e830c528ce5a9f21b384ca4a69872b57bc06aa09224dfe403b171cc187f458,2,D169_A274;D169_A277,1,D169,2,A274;A277,1,1,1,True,True,True,True,False,D169_A274,1,0,RESOLVED_INDEX_GRAPH,0.15882619128362435,0.15882619128362435,,0.010427714285714207,18,False
8b687fba2a7bffdc956f703bdd65887931f5430093a48c8e1d9c19a815c03cbd,2,D71_A182;D71_A187,1,D71,2,A182;A187,1,2,2,False,True,True,True,False,D71_A182,1,0,RESOLVED_INDEX_GRAPH,0.0006504838017530053,0.0006504838017530053,,0.00021885714285718727,8,False
8ba893a97f4582e5e6ded3473b2c8937e9da9a94afa207ee0547e9a675a87704,2,D11_A182;D11_A187,1,D11,2,A182;A187,1,2,2,False,True,True,True,False,D11_A182,1,0,RESOLVED_INDEX_GRAPH,7.129541623027554e-07,7.129541623027554e-07,,0.0,0,False
8c8df2ccc86bf8566e8717d9f5a952ef1d84fca76855d463c79b6902fb770ea8,2,D41_A332;D42_A332,2,D41;D42,1,A332,1,1,1,True,True,True,True,False,D41_A332,1,0,RESOLVED_INDEX_GRAPH,2.4306258367776717e-06,2.4306258367776717e-06,,2.8571428578594293e-07,0,True
8d68a09f61b4c15a3b824875cecec4906fc5c9ef3c712c6750fa8dbfa1911021,2,D62_A185;D62_A186,1,D62,2,A185;A186,1,2,2,False,True,True,True,False,D62_A185,1,0,RESOLVED_INDEX_GRAPH,5.016952037771729,5.016952037771729,,0.09306457142857139,20,False
8da55e81d298ea3da1d356429844362c3cb44d738f4700bf1c98a0a81ac20684,2,D52_A190;D53_A190,2,D52;D53,1,A190,2,1,2,False,True,True,True,False,D52_A190,1,0,RESOLVED_INDEX_GRAPH,0.0013245927901196202,0.0013245927901196202,,0.00022171428571432505,9,False
8e014871bf4494fd820e4b40c7dd2b38da8639fce46bc13a26595c665c3bdf59,2,D169_A185;D169_A186,1,D169,2,A185;A186,1,2,2,False,True,True,True,False,D169_A185,1,0,RESOLVED_INDEX_GRAPH,6.290239190786313e-07,6.290239190786313e-07,,2.8571428567492063e-07,0,False
8f18d4cc1305ad64314281c0dc3fabb519033d594078a4ac1818389ebb11de85,2,D131_A23;D131_A30,1,D131,2,A23;A30,1,2,2,False,True,True,True,False,D131_A23,1,0,RESOLVED_INDEX_GRAPH,0.011029081818048897,0.011029081818048897,,0.00079171428571434,15,False
8f6ee56df179256493ffd7926c986a533c47216a3114fa3e7fe0d1d09eb771b1,2,D113_A13;D113_A14,1,D113,2,A13;A14,1,1,1,True,True,True,True,False,D113_A13,1,0,RESOLVED_INDEX_GRAPH,0.0027731177990327318,0.0027731177990327318,,0.011425142857142911,15,False
91875e905865eff1b3d10b4f02712c1e75482c08574b26882b6eccfc137aaf38,2,D128_A23;D128_A30,1,D128,2,A23;A30,1,2,2,False,True,True,True,False,D128_A23,1,0,RESOLVED_INDEX_GRAPH,0.0040008981681527635,0.0040008981681527635,,0.0019059999999999633,12,False
92adba238764cdad801eac87a6610e447f1d5981dccdd304a91dadbfed8d4a97,2,D52_A43;D53_A43,2,D52;D53,1,A43,2,1,2,False,True,True,True,False,D52_A43,1,0,RESOLVED_INDEX_GRAPH,0.000637585728523613,0.000637585728523613,,0.00018657142857136932,9,False
92e88366b145f03648f9e49c960fbf9e25977997531badb73137ec9b2f0d151e,2,D52_A372;D53_A372,2,D52;D53,1,A372,2,1,2,False,True,True,True,False,D52_A372,1,0,RESOLVED_INDEX_GRAPH,0.003402318373064119,0.003402318373064119,,0.009512285714285751,15,False
94277f0107328b81930d753e5b43d975dded458b663318ad0bd3ee2d03b60e85,2,D6_A185;D6_A186,1,D6,2,A185;A186,1,2,2,False,True,True,True,False,D6_A185,1,0,RESOLVED_INDEX_GRAPH,8.411672170160326e-07,8.411672170160326e-07,,2.8571428556389833e-07,0,False
95119ef45c3b18957792fd217e34cbb42afd5736d6f275f14b1667ebe48dd411,2,D146_A23;D146_A30,1,D146,2,A23;A30,1,2,2,False,True,True,True,False,D146_A23,1,0,RESOLVED_INDEX_GRAPH,0.00044791803652201057,0.00044791803652201057,,3.91428571427932e-05,2,False
957f9c30e8651e589b78187f9d4fdc009717c6574efb537fbe3eb0153d765fab,2,D147_A182;D147_A187,1,D147,2,A182;A187,1,2,2,False,True,True,True,False,D147_A182,1,0,RESOLVED_INDEX_GRAPH,0.0010682556010818318,0.0010682556010818318,,0.0004265714285714428,10,False
95834bd9da9f595f450765d3f78a34a9010ec9955cd3f81576bb1e852d9c66ed,2,D119_A185;D119_A186,1,D119,2,A185;A186,1,2,2,False,True,True,True,False,D119_A185,1,0,RESOLVED_INDEX_GRAPH,0.004040018488605806,0.004040018488605806,,0.0023788571428570715,14,False
958e7b9cc493e07f77d18000999ce12c34413472559953348618d699177a77de,4,D52_A182;D52_A187;D53_A182;D53_A187,2,D52;D53,2,A182;A187,2,2,4,False,True,True,True,False,D52_A182,3,0,RESOLVED_INDEX_GRAPH,0.0011049712704392972,2.123112026468446,,0.013295142857142839,16,False
9763d144097f27481ee4700bcacec00f828848f6ce0fc373767649ecb1c97d34,2,D41_A43;D42_A43,2,D41;D42,1,A43,1,1,1,True,True,True,True,False,D41_A43,1,0,RESOLVED_INDEX_GRAPH,0.0005561075889622964,0.0005561075889622964,,1.1142857142876217e-05,1,False
98768385f678a60964ac398e30b33934be88ed91c62e89955931a6bee1272fd4,2,D98_A23;D98_A30,1,D98,2,A23;A30,1,2,2,False,True,True,True,False,D98_A23,1,0,RESOLVED_INDEX_GRAPH,0.0012561830655028253,0.0012561830655028253,,0.000260000000000038,8,False
99018b0d2af6af93479c96030a9fcfa700106c63b147429172dc1c3fe721757a,2,D131_A13;D131_A14,1,D131,2,A13;A14,1,1,1,True,True,True,True,False,D131_A13,1,0,RESOLVED_INDEX_GRAPH,0.006600846364606023,0.006600846364606023,,0.0075505714285714065,18,False
991f5be2bba23c39fe629c282b844e77897d8cc2e75621cee2222c0024181be0,2,D41_A361;D42_A361,2,D41;D42,1,A361,1,1,1,True,True,True,True,False,D41_A361,1,0,RESOLVED_INDEX_GRAPH,0.000784226880409637,0.000784226880409637,,0.0005065714285714673,9,False
994beeb7cf7ffa625b8ddec1cc625b147132c661679cec5d6416374a26ed026d,2,D147_A23;D147_A30,1,D147,2,A23;A30,1,2,2,False,True,True,True,False,D147_A23,1,0,RESOLVED_INDEX_GRAPH,1.3082404956476396e-06,1.3082404956476396e-06,,0.0,0,False
9a1ce70bbfcc0b60e9e056741c4355a9fa79e9a14f770f9dc152e040ea59bc13,2,D156_A13;D156_A14,1,D156,2,A13;A14,1,1,1,True,True,True,True,False,D156_A13,1,0,RESOLVED_INDEX_GRAPH,2.230853662118533e-07,2.230853662118533e-07,,0.0,0,True
9b3da7afb98d2c543662e6ebcf88ec540fb396f4de5761e1d39b6b9593a75cca,2,D56_A185;D56_A186,1,D56,2,A185;A186,1,2,2,False,True,True,True,False,D56_A185,1,0,RESOLVED_INDEX_GRAPH,1.7327411729148328,1.7327411729148328,,0.06495857142857153,16,False
9d96eae2adcbe95dbc628d79cf86920206d281beee265770a1d5fe9c31f0f880,2,D155_A13;D155_A14,1,D155,2,A13;A14,1,1,1,True,True,True,True,False,D155_A13,1,0,RESOLVED_INDEX_GRAPH,7.491831829961855e-05,7.491831829961855e-05,,5.285714285713228e-05,7,False
9dde7f88a6bd69a3140c438a3182cbfb379c34b5a8a54d1417489058caccdba4,2,D52_A355;D53_A355,2,D52;D53,1,A355,2,1,2,False,True,True,True,False,D52_A355,1,0,RESOLVED_INDEX_GRAPH,0.004178272085587259,0.004178272085587259,,6.514285714287471e-05,9,False
9e3c3d37799ac7d35300813baa1032115c9d5f2b7f6319ba97f4a43669126f2e,2,D44_A13;D44_A14,1,D44,2,A13;A14,1,1,1,True,True,True,True,False,D44_A13,1,0,RESOLVED_INDEX_GRAPH,1.985358915929059e-06,1.985358915929059e-06,,1.4285714284856255e-06,0,True
9e53f7747cdb2b44e76cf0c680caefa34a7378a529b06d9b9c54999b2e68b446,2,D77_A13;D77_A14,1,D77,2,A13;A14,1,1,1,True,True,True,True,False,D77_A13,1,0,RESOLVED_INDEX_GRAPH,0.036719480330282606,0.036719480330282606,,0.008826285714285564,16,False
9f31a518d1ee7f8e3d1ec3179f58651ea8d16edde8d8293895cdb9850394588f,2,D1_A185;D1_A186,1,D1,2,A185;A186,1,2,2,False,True,True,True,False,D1_A185,1,0,RESOLVED_INDEX_GRAPH,6.596989524548752e-07,6.596989524548752e-07,,5.714285713498413e-07,0,False
a11fa0e0045ff91626b1ead3ff50581c4b87a8224d94b14b508a591989fed072,2,D41_A339;D42_A339,2,D41;D42,1,A339,1,1,1,True,True,True,True,False,D41_A339,1,0,RESOLVED_INDEX_GRAPH,0.00127632276273929,0.00127632276273929,,0.00023399999999995647,9,False
a1fec415fc637f620361f913f84cccdb6b1f1ddbb15da8a24ebb74921277bd7c,2,D52_A173;D53_A173,2,D52;D53,1,A173,2,1,2,False,True,True,True,False,D52_A173,1,0,RESOLVED_INDEX_GRAPH,0.0015081916945195795,0.0015081916945195795,,0.00011600000000000499,10,False
a2ce13bdc964669d2ed4cdc1d07d4528aa49cd7c2c84f6f58bb37eeb612b7f20,2,D62_A23;D62_A30,1,D62,2,A23;A30,1,2,2,False,True,True,True,False,D62_A23,1,0,RESOLVED_INDEX_GRAPH,0.0023069582623504994,0.0023069582623504994,,7.6000000000076e-05,6,False
a386b6a27369c5b1d6c0a70e731b0775539cc14e8261dca226f60b7f4ff52467,2,D168_A13;D168_A14,1,D168,2,A13;A14,1,1,1,True,True,True,True,False,D168_A13,1,0,RESOLVED_INDEX_GRAPH,0.0006772175821181391,0.0006772175821181391,,0.00010257142857150736,13,False
a4aab33d3a2b9eb1a80953e560a868b9db88296daf6d05dfd47991be7ec4029f,2,D26_A182;D26_A187,1,D26,2,A182;A187,1,2,2,False,True,True,True,False,D26_A182,1,0,RESOLVED_INDEX_GRAPH,0.0067287745179889875,0.0067287745179889875,,0.00760485714285708,12,False
a52e38d478236067f8e2af156ddc7bd568b61fefd9bc6a1731c8140f01ea6ce2,2,D87_A23;D87_A30,1,D87,2,A23;A30,1,2,2,False,True,True,True,False,D87_A23,1,0,RESOLVED_INDEX_GRAPH,3.8040536363840185e-05,3.8040536363840185e-05,,4.000000000004e-06,1,False
a6080b045774de57d1bab6b1ffb26384da92a012903f8649766eca4ef44dbd78,2,D41_A273;D42_A273,2,D41;D42,1,A273,1,1,1,True,True,True,True,False,D41_A273,1,0,RESOLVED_INDEX_GRAPH,0.0025382096857724966,0.0025382096857724966,,0.00032114285714279767,9,False
a6bf1f201117b5b0dd2a0db9b7d0f36fd3c156f3a2595c9f5259df1cd547029b,2,D41_A146;D42_A146,2,D41;D42,1,A146,1,1,1,True,True,True,True,False,D41_A146,1,0,RESOLVED_INDEX_GRAPH,0.0007847718168046118,0.0007847718168046118,,4.3142857142880464e-05,7,False
a756e49bd6893649514fc7e2a981b7b29ca2a0b023e4d51a36b9f55d52be72f7,2,D71_A13;D71_A14,1,D71,2,A13;A14,1,1,1,True,True,True,True,False,D71_A13,1,0,RESOLVED_INDEX_GRAPH,0.005394175984553166,0.005394175984553166,,0.00028600000000000847,11,False
a847be6d89103b05bd7686f7d23a338cc70fa95d18fb2d66698a100ad83dce2b,2,D165_A13;D165_A14,1,D165,2,A13;A14,1,1,1,True,True,True,True,False,D165_A13,1,0,RESOLVED_INDEX_GRAPH,8.561660766104339e-05,8.561660766104339e-05,,2.371428571434908e-05,1,False
aa07b7cd90517d5f383c200e2949cb7d8b4b1094e86a7a384167f13a98da178e,2,D52_A179;D53_A179,2,D52;D53,1,A179,2,1,2,False,True,True,True,False,D52_A179,1,0,RESOLVED_INDEX_GRAPH,0.35101698348690485,0.35101698348690485,,0.011528285714285769,16,False
aa209bb76dfdc0b485ef618743b4bfe775a65b5ee08ef2a6eb6fe3ffb9a178ad,2,D41_A123;D42_A123,2,D41;D42,1,A123,1,1,1,True,True,True,True,False,D41_A123,1,0,RESOLVED_INDEX_GRAPH,0.12399110789798501,0.12399110789798501,,0.00015571428571425905,13,False
aa9e5f4ca894d9f5d7f0545d28b73b0ab0b840e8c2506d12e260c09ca543d600,2,D41_A251;D42_A251,2,D41;D42,1,A251,1,1,1,True,True,True,True,False,D41_A251,1,0,RESOLVED_INDEX_GRAPH,0.002618588100454548,0.002618588100454548,,0.0008682857142857103,12,False
aae319f3788c29e8f7990dfc6779484d18242a85357c219d5718a3e72a7632f5,2,D41_A343;D42_A343,2,D41;D42,1,A343,1,1,1,True,True,True,True,False,D41_A343,1,0,RESOLVED_INDEX_GRAPH,0.0007136125614827,0.0007136125614827,,0.0005608571428570297,9,False
abb4f1f9dd019e944d491cc8e2ca87d806ccfa7122fa26b11ef2c773da09f2fa,2,D32_A274;D32_A277,1,D32,2,A274;A277,1,1,1,True,True,True,True,False,D32_A274,1,0,RESOLVED_INDEX_GRAPH,0.7101485821908422,0.7101485821908422,,0.008340857142857039,17,False
acc9eff3f88ae910800a21433f51c283b5541d234068a39d3f62a583b44405a3,2,D159_A23;D159_A30,1,D159,2,A23;A30,1,2,2,False,True,True,True,False,D159_A23,1,0,RESOLVED_INDEX_GRAPH,0.0008210720716036974,0.0008210720716036974,,0.0007999999999999119,13,False
ad62217596d712481a85b85ddb4555a372a9ce908a84e353e703f94f5d534cd8,2,D75_A185;D75_A186,1,D75,2,A185;A186,1,2,2,False,True,True,True,False,D75_A185,1,0,RESOLVED_INDEX_GRAPH,0.0035924160368999355,0.0035924160368999355,,0.002595142857142796,13,False
ae1020ec6ef285fd116f0665ba0002e85a0f96228ec4b90f19efefcdb7cc6c15,2,D26_A185;D26_A186,1,D26,2,A185;A186,1,2,2,False,True,True,True,False,D26_A185,1,0,RESOLVED_INDEX_GRAPH,4.5641055577732946e-05,4.5641055577732946e-05,,3.4285714285764435e-05,1,False
ae9a44fa5c5b9693a7849690abdb7a5834ee1d6da69db5ca105cb1bf8034be5c,2,D15_A182;D15_A187,1,D15,2,A182;A187,1,2,2,False,True,True,True,False,D15_A182,1,0,RESOLVED_INDEX_GRAPH,0.0007410992740643691,0.0007410992740643691,,0.00039114285714281216,10,False
afcade1655d30d0883c1799842a83c45ec59eb99034371065b80bfcb8bd1f91d,2,D52_A325;D53_A325,2,D52;D53,1,A325,2,1,2,False,True,True,True,False,D52_A325,1,0,RESOLVED_INDEX_GRAPH,0.01607184122377988,0.01607184122377988,,0.08081542857142854,13,False
b052535c0dd4ea2fa1bb2a1aabe31c2619e9dbe18baceed339a5d1209b2d5e54,2,D41_A354;D42_A354,2,D41;D42,1,A354,1,1,1,True,True,True,True,False,D41_A354,1,0,RESOLVED_INDEX_GRAPH,8.082552686466222e-06,8.082552686466222e-06,,5.714285715718859e-07,0,True
b072d43109fcc2afee105ec1ba38fe6988f8a91c225e3dad169f699522f5f320,2,D25_A274;D25_A277,1,D25,2,A274;A277,1,1,1,True,True,True,True,False,D25_A274,1,0,RESOLVED_INDEX_GRAPH,0.0002880186642407947,0.0002880186642407947,,2.8000000000028002e-05,2,False
b15bd79a49ab9be381964352532418e1b43906780fd200f087e1ed60f40e8223,2,D60_A13;D60_A14,1,D60,2,A13;A14,1,1,1,True,True,True,True,False,D60_A13,1,0,RESOLVED_INDEX_GRAPH,0.002148636648002309,0.002148636648002309,,0.006046285714285671,11,False
b22fe0a44529828ca4faed7f07f3d373dcc1b21426c26717557cf51d6ca0c4a6,2,D52_A307;D53_A307,2,D52;D53,1,A307,2,1,2,False,True,True,True,False,D52_A307,1,0,RESOLVED_INDEX_GRAPH,0.005880444061090384,0.005880444061090384,,0.001605142857142805,13,False
b25b4d9a23d43760c5958aaa27328a1480e854b9ae88d5f7899fdae1c8b137ca,2,D41_A149;D42_A149,2,D41;D42,1,A149,1,1,1,True,True,True,True,False,D41_A149,1,0,RESOLVED_INDEX_GRAPH,0.05262823158353066,0.05262823158353066,,0.01985114285714279,14,False
b39f8fcb49a97a5dc5c693d4df35864b2677c8c5bc9ec3d7f50f06aaba0e5e0b,2,D125_A23;D125_A30,1,D125,2,A23;A30,1,2,2,False,True,True,True,False,D125_A23,1,0,RESOLVED_INDEX_GRAPH,0.006425807922788174,0.006425807922788174,,0.035876285714285805,17,False
b409cb8c4f7e57dd326caa890d6709fc81c388625a841a37994d4b3c2e09fa3d,2,D52_A339;D53_A339,2,D52;D53,1,A339,2,1,2,False,True,True,True,False,D52_A339,1,0,RESOLVED_INDEX_GRAPH,0.01069820706940988,0.01069820706940988,,0.002439142857142862,13,False
b44698fe2cb85520fcc6aaa9688d7fc769f4da1bb8cc8336ae513e25cad84baf,2,D52_A23;D53_A30,2,D52;D53,2,A23;A30,2,2,2,False,True,True,True,False,D52_A23,1,0,RESOLVED_INDEX_GRAPH,0.0019112066340027448,0.0019112066340027448,,0.0005931428571428476,11,False
b45994bc3fab4e1446c657ebb87d87895e9315474fef6ffa0f1bb623923f862f,2,D49_A182;D49_A187,1,D49,2,A182;A187,1,2,2,False,True,True,True,False,D49_A182,1,0,RESOLVED_INDEX_GRAPH,0.008127101294578713,0.008127101294578713,,0.0005497142857142645,11,False
b6099e59c9b8a445e0cc736ba1305d91c8fbe02c885c3d84c261d1a927cdd30f,2,D138_A13;D138_A14,1,D138,2,A13;A14,1,1,1,True,True,True,True,False,D138_A13,1,0,RESOLVED_INDEX_GRAPH,0.0010222243633228462,0.0010222243633228462,,5.542857142848412e-05,10,False
b610a4da5f7b215aa6b9a0b28e9369bf7bcc42c43117a05a0b2bd48be21c0c7a,2,D52_A364;D53_A364,2,D52;D53,1,A364,2,1,2,False,True,True,True,False,D52_A364,1,0,RESOLVED_INDEX_GRAPH,0.004369804876859286,0.004369804876859286,,0.0022488571428570525,12,False
b83a803b4fd064b8f0d7e94b165c63cc0b1a844b487306feb0c5dd87f074e710,2,D10_A185;D10_A186,1,D10,2,A185;A186,1,2,2,False,True,True,True,False,D10_A185,1,0,RESOLVED_INDEX_GRAPH,0.000149493261853415,0.000149493261853415,,1.771428571428757e-05,5,False
b9850f63215fe07c36cf4210073ee6d66a6f3ba1e28432e705f70df5d83dd33d,2,D41_A15;D42_A15,2,D41;D42,1,A15,1,1,1,True,True,True,True,False,D41_A15,1,0,RESOLVED_INDEX_GRAPH,0.0011047403502949702,0.0011047403502949702,,0.00011799999999995148,6,False
bb15f118132a08c2746cd94c34cfa35b9b78b44db3b7db95c564c375b54f9e89,2,D52_A167;D53_A167,2,D52;D53,1,A167,2,1,2,False,True,True,True,False,D52_A167,1,0,RESOLVED_INDEX_GRAPH,0.09762415938589107,0.09762415938589107,,0.023961999999999928,13,False
bc1a80ec995b2e094339b7e419151392cd0608dd787ed21dc23f82aea9990b27,2,D41_A259;D42_A259,2,D41;D42,1,A259,1,1,1,True,True,True,True,False,D41_A259,1,0,RESOLVED_INDEX_GRAPH,0.47666024344413427,0.47666024344413427,,0.011614285714285688,19,False
bc2dc3b86b7e98009518d67bb1d1ac0eec1cbe08b4c1e6e3143eb85da0ef79c6,2,D41_A325;D42_A325,2,D41;D42,1,A325,1,1,1,True,True,True,True,False,D41_A325,1,0,RESOLVED_INDEX_GRAPH,0.00037497878523294484,0.00037497878523294484,,2.942857142856914e-05,5,False
bc686e6d2c05bd1415e821fb4c211c8077ab1ca22b1be63e99225d9b32048735,2,D48_A185;D48_A186,1,D48,2,A185;A186,1,2,2,False,True,True,True,False,D48_A185,1,0,RESOLVED_INDEX_GRAPH,0.0007625920122230561,0.0007625920122230561,,0.00020542857142868964,8,False
bce39c6491adbbb482a3f2adf4e99fbb1c1b6c5fc51b6249ced52f3364915c05,2,D14_A274;D14_A277,1,D14,2,A274;A277,1,1,1,True,True,True,True,False,D14_A274,1,0,RESOLVED_INDEX_GRAPH,0.005454479927977461,0.005454479927977461,,0.0033928571428570864,12,False
bd81a245b55644bf7a87715f3b3eba4f6ea20c68f885fdacbaa41406f98a4e7a,2,D52_A369;D53_A369,2,D52;D53,1,A369,2,1,2,False,True,True,True,False,D52_A369,1,0,RESOLVED_INDEX_GRAPH,0.003047566137372706,0.003047566137372706,,0.0008720000000000949,9,False
be282115bb2d19d34a55ee5ca4f326ee3c1b390d1716592e02c29bd483835625,2,D20_A182;D20_A187,1,D20,2,A182;A187,1,2,2,False,True,True,True,False,D20_A182,1,0,RESOLVED_INDEX_GRAPH,0.00023495449855706445,0.00023495449855706445,,8.285714285793944e-06,3,False
c0ecb70971d65cb86cf20de3a5972cd0cd95fb11a4d9219be9a09a9c666aaab3,2,D41_A200;D42_A200,2,D41;D42,1,A200,1,1,1,True,True,True,True,False,D41_A200,1,0,RESOLVED_INDEX_GRAPH,0.0032371875249664504,0.0032371875249664504,,0.0006202857142857399,10,False
c39823ebbaa31cbee67c1cfa17b638114b23ccec79dbe914b7b24557b88e32a6,2,D59_A13;D59_A14,1,D59,2,A13;A14,1,1,1,True,True,True,True,False,D59_A13,1,0,RESOLVED_INDEX_GRAPH,0.0002705158199881591,0.0002705158199881591,,9.99999999995449e-06,8,False
c3a8395c1be96d284aa6fe63c78202520704893c887aeb4aeed81f672b5331f7,2,D171_A185;D171_A186,1,D171,2,A185;A186,1,2,2,False,True,True,True,False,D171_A185,1,0,RESOLVED_INDEX_GRAPH,0.0003075359189807999,0.0003075359189807999,,0.0004445714285713498,12,False
c3b80dea12f96bf836c91b50f4ee64227d05d4d6698060a01a6a9d763eb2407b,2,D118_A182;D118_A187,1,D118,2,A182;A187,1,2,2,False,True,True,True,False,D118_A182,1,0,RESOLVED_INDEX_GRAPH,0.0002794270475862127,0.0002794270475862127,,0.00010971428571426856,5,False
c49bf14e50f1df350d29e9d2ad22f83769ac35c9844bb516c70a678dfc7b67bf,4,D52_A185;D52_A186;D53_A185;D53_A186,2,D52;D53,2,A185;A186,2,2,4,False,True,True,True,False,D52_A185,3,0,RESOLVED_INDEX_GRAPH,0.0022319889270568933,0.016457141723412873,,0.008353142857142837,15,False
c7279896b8a8984d326f8aa06e28e32e3c38f1fc662699996bd39c97b02c0052,2,D41_A188;D42_A188,2,D41;D42,1,A188,1,1,1,True,True,True,True,False,D41_A188,1,0,RESOLVED_INDEX_GRAPH,0.0007857819434271522,0.0007857819434271522,,0.0005425714285713923,9,False
c72f14abd35d074dd703b4a70fd291806246825f339969197123fcc5cd147ab1,2,D40_A23;D40_A30,1,D40,2,A23;A30,1,2,2,False,True,True,True,False,D40_A23,1,0,RESOLVED_INDEX_GRAPH,0.0001650823568367872,0.0001650823568367872,,2.371428571434908e-05,1,False
c733284b2491250d568a923be638667f3dcd4ab48184e7b77268e3b4e93d911c,2,D52_A273;D53_A273,2,D52;D53,1,A273,2,1,2,False,True,True,True,False,D52_A273,1,0,RESOLVED_INDEX_GRAPH,4.530273171628962,4.530273171628962,,0.07450657142857142,16,False
c73cb0a15e935b7d262ae5ac304072aa03ffca2b55bf91b59bd7139257fd2ac5,2,D50_A23;D50_A30,1,D50,2,A23;A30,1,2,2,False,True,True,True,False,D50_A23,1,0,RESOLVED_INDEX_GRAPH,0.0011361019875470715,0.0011361019875470715,,0.00014085714285716477,10,False
c765f1211a3e69782700530396bc759cfc4d0e53f4a723bcc11242ce87a0d084,2,D52_A334;D53_A334,2,D52;D53,1,A334,2,1,2,False,True,True,True,False,D52_A334,1,0,RESOLVED_INDEX_GRAPH,0.0035071288771133294,0.0035071288771133294,,0.00020971428571431305,11,False
c769b1a052072f54b6b71ff4e1ee40ee6a4fc52fc02429bcf2cdd2a95aed6ec4,2,D52_A346;D53_A346,2,D52;D53,1,A346,2,1,2,False,True,True,True,False,D52_A346,1,0,RESOLVED_INDEX_GRAPH,0.10331153603758106,0.10331153603758106,,0.02278200000000008,16,False
c7880980402ea50047686dcf77de00e2b6b5e4875d0d31f2308b968fc30b97a4,2,D61_A13;D61_A14,1,D61,2,A13;A14,1,1,1,True,True,True,True,False,D61_A13,1,0,RESOLVED_INDEX_GRAPH,0.0012467500845053112,0.0012467500845053112,,0.0029777142857143613,11,False
c90e66c1e54da77077d62f0ed9fbcef081ef973234ecf3b55363a6a6e0b8581d,2,D47_A13;D47_A14,1,D47,2,A13;A14,1,1,1,True,True,True,True,False,D47_A13,1,0,RESOLVED_INDEX_GRAPH,0.00027174737573306144,0.00027174737573306144,,2.9142857142838707e-05,3,False
c9fcf3399bd82abbb24edc7bc8270f54a6235c3d987e67d9329e6dafe5aadb0f,2,D14_A185;D14_A186,1,D14,2,A185;A186,1,2,2,False,True,True,True,False,D14_A185,1,0,RESOLVED_INDEX_GRAPH,0.0009427769673852352,0.0009427769673852352,,0.00011428571428573342,6,False
cbbe645b6640d73fb196c517820709776f145bbf22707a39ccbec9927e60b7bf,2,D158_A13;D158_A14,1,D158,2,A13;A14,1,1,1,True,True,True,True,False,D158_A13,1,0,RESOLVED_INDEX_GRAPH,5.426577182102393e-07,5.426577182102393e-07,,0.0,0,True
ccd00201a7515d94493a1710b55efe5b4fc29ee5d7a1692dc4f238080e46402b,2,D28_A274;D28_A277,1,D28,2,A274;A277,1,1,1,True,True,True,True,False,D28_A274,1,0,RESOLVED_INDEX_GRAPH,0.009760107006715358,0.009760107006715358,,0.0016525714285714477,12,False
ccd85e9b36ebd09a380c9e994a451c3d299b9e6af275eb779a162edf6c5c7aa0,2,D63_A23;D63_A30,1,D63,2,A23;A30,1,2,2,False,True,True,True,False,D63_A23,1,0,RESOLVED_INDEX_GRAPH,0.0011736152770048692,0.0011736152770048692,,0.000252000000000141,7,False
ccf4343122955863b5b99fa80fc4faa281987d0675bedec682d69dd1d851dc0e,2,D46_A274;D46_A277,1,D46,2,A274;A277,1,1,1,True,True,True,True,False,D46_A274,1,0,RESOLVED_INDEX_GRAPH,1.5491757117002454,1.5491757117002454,,0.35564685714285715,20,False
ce41791f72fb3b9d739b2040289c6945a78fa86f27c0319c4651ac7a564344fe,2,D36_A182;D36_A187,1,D36,2,A182;A187,1,2,2,False,True,True,True,False,D36_A182,1,0,RESOLVED_INDEX_GRAPH,7.158722024429417e-07,7.158722024429417e-07,,2.8571428567492063e-07,0,False
cea7c088634586d66fb3eb53d9f9b52776e816f047f36cb66b6fcfec4522d5f3,2,D120_A13;D120_A14,1,D120,2,A13;A14,1,1,1,True,True,True,True,False,D120_A13,1,0,RESOLVED_INDEX_GRAPH,0.003886463056195244,0.003886463056195244,,0.002834571428571353,16,False
cec1e255866a17ad1b3495e6c1fa0200a511cea258ef41f27572e7352479b931,2,D126_A13;D126_A14,1,D126,2,A13;A14,1,1,1,True,True,True,True,False,D126_A13,1,0,RESOLVED_INDEX_GRAPH,0.000953317384712863,0.000953317384712863,,0.0002402857142856929,9,False
cf1a9ea073cdd3804e01f0321923b7535bc30922e0941fbdbfc49484d2bb7f45,2,D41_A18;D42_A18,2,D41;D42,1,A18,1,1,1,True,True,True,True,False,D41_A18,1,0,RESOLVED_INDEX_GRAPH,1.2337464933317048,1.2337464933317048,,0.031217142857142832,14,False
cf4aaa8a0ee858025615b2445d1b02b727afcad9f698c160b2c4ad7ba4531ef9,2,D41_A374;D42_A374,2,D41;D42,1,A374,1,1,1,True,True,True,True,False,D41_A374,1,0,RESOLVED_INDEX_GRAPH,0.0009615341382046327,0.0009615341382046327,,0.000395714285714277,10,False
cfd7e12558401badeadb4a0400699f6f11f4acbc9eec34181059f0cc963463d5,2,D5_A185;D5_A186,1,D5,2,A185;A186,1,2,2,False,True,True,True,False,D5_A185,1,0,RESOLVED_INDEX_GRAPH,8.813891592125688e-07,8.813891592125688e-07,,8.571428571357842e-07,0,False
d05101e50b27bf8aa5ef45f818818cb2239d7829c89347c01e749de714f448e6,2,D30_A185;D30_A186,1,D30,2,A185;A186,1,2,2,False,True,True,True,False,D30_A185,1,0,RESOLVED_INDEX_GRAPH,0.00016342421143515184,0.00016342421143515184,,3.7142857143290797e-06,3,False
d0ee672d36227e89d890ef6d8197e76876dee635283a7fa0797db3cc481d87af,2,D15_A185;D15_A186,1,D15,2,A185;A186,1,2,2,False,True,True,True,False,D15_A185,1,0,RESOLVED_INDEX_GRAPH,8.027063898463122e-07,8.027063898463122e-07,,0.0,1,False
d164050003eb754f38a436e91801800996269fdd29269487b9f989dd9d8a40d9,2,D24_A182;D24_A187,1,D24,2,A182;A187,1,2,2,False,True,True,True,False,D24_A182,1,0,RESOLVED_INDEX_GRAPH,0.005194544652650713,0.005194544652650713,,0.00015257142857139083,10,False
d194137011f2bb160298a85f83ea4cef23f23fcbc21eeae4480475a0fe0ebd88,2,D56_A182;D56_A187,1,D56,2,A182;A187,1,2,2,False,True,True,True,False,D56_A182,1,0,RESOLVED_INDEX_GRAPH,0.003917574422754614,0.003917574422754614,,0.005458571428571424,13,False
d1bbbbd9387dd6b4f9696462a9f115039d4e1552653ae42a279ee4d890e40ab6,2,D41_A333;D42_A333,2,D41;D42,1,A333,1,1,1,True,True,True,True,False,D41_A333,1,0,RESOLVED_INDEX_GRAPH,0.00015473015220564924,0.00015473015220564924,,2.2857142857102275e-05,3,False
d25d9c0a9469aad780869e3c65d7e2d8b59100ee87c6b2d12604327bf2da5513,2,D41_A4;D42_A4,2,D41;D42,1,A4,1,1,1,True,True,True,True,False,D41_A4,1,0,RESOLVED_INDEX_GRAPH,0.0027459866294202665,0.0027459866294202665,,0.0028817142857142652,12,False
d26776333ae87488d88075f142a96a6594450d56720ec1269b85536c19d72162,2,D137_A13;D137_A14,1,D137,2,A13;A14,1,1,1,True,True,True,True,False,D137_A13,1,0,RESOLVED_INDEX_GRAPH,0.049708559279631095,0.049708559279631095,,0.003422571428571386,12,False
d3a2f7254348a724960a5b787df23fab17fb65d43616680b52177b054a9d4824,2,D27_A274;D27_A277,1,D27,2,A274;A277,1,1,1,True,True,True,True,False,D27_A274,1,0,RESOLVED_INDEX_GRAPH,0.0013145659116100528,0.0013145659116100528,,9.800000000009801e-05,11,False
d49702b37716093773512fe0604c1651493a4cf7af1d833ec244a46d57e36288,2,D60_A182;D60_A187,1,D60,2,A182;A187,1,2,2,False,True,True,True,False,D60_A182,1,0,RESOLVED_INDEX_GRAPH,0.0008809469909460052,0.0008809469909460052,,0.00023999999999996247,9,False
d4fd0e81a0b43d496ff2e8a97787ac179407ef33174c446f93ddd5974365d8dd,2,D28_A185;D28_A186,1,D28,2,A185;A186,1,2,2,False,True,True,True,False,D28_A185,1,0,RESOLVED_INDEX_GRAPH,0.00020607064802106702,0.00020607064802106702,,0.0005074285714284921,8,False
d4fd5c12ca62ede37606f418d605c73a906127dc02a733ee8279ca64c23d1c56,2,D67_A13;D67_A14,1,D67,2,A13;A14,1,1,1,True,True,True,True,False,D67_A13,1,0,RESOLVED_INDEX_GRAPH,0.006838986349560862,0.006838986349560862,,0.017295714285714303,15,False
d53d850aaa182c0a7702db8214c1a3f3bb97203f721d89b74323cc5607e51b40,2,D43_A13;D43_A14,1,D43,2,A13;A14,1,1,1,True,True,True,True,False,D43_A13,1,0,RESOLVED_INDEX_GRAPH,0.002828973352581924,0.002828973352581924,,0.39136514285714286,12,False
d54294ae0b4723b9d1d17c2931cb90b83998b8353b8fc98ed7b375baef8667c3,2,D44_A182;D44_A187,1,D44,2,A182;A187,1,2,2,False,True,True,True,False,D44_A182,1,0,RESOLVED_INDEX_GRAPH,5.016281204472996e-05,5.016281204472996e-05,,7.1428571428722165e-06,3,False
d54e038f7331ed04e5c6aacab83655902907228faeee19bdc6cef48768ffb142,2,D159_A182;D159_A187,1,D159,2,A182;A187,1,2,2,False,True,True,True,False,D159_A182,1,0,RESOLVED_INDEX_GRAPH,0.00013657066066396397,0.00013657066066396397,,1.3428571428608649e-05,0,False
d6df9e0470a6616db1fa41905950d4a54a9a391b107dc32386a46813c5e800d0,2,D41_A347;D42_A347,2,D41;D42,1,A347,1,1,1,True,True,True,True,False,D41_A347,1,0,RESOLVED_INDEX_GRAPH,0.0010102309354369065,0.0010102309354369065,,0.0001222857142856304,7,False
d782cd2ec42398d3834ce147a92158647d9f3638c3a26fb0fc8351f430edfabc,2,D75_A13;D75_A14,1,D75,2,A13;A14,1,1,1,True,True,True,True,False,D75_A13,1,0,RESOLVED_INDEX_GRAPH,0.0009460660905904704,0.0009460660905904704,,0.001047142857142913,13,False
d8adcef843fe6aa3b17cd92e9527ca88ae5f62b528a672a5a390baf18a1e66c1,2,D41_A168;D42_A168,2,D41;D42,1,A168,1,1,1,True,True,True,True,False,D41_A168,1,0,RESOLVED_INDEX_GRAPH,0.5804008906395457,0.5804008906395457,,0.04287599999999997,16,False
d9d8666b6696662b8678f07f221ab2782488e4ff926a2f4407cd2344e66cccd8,2,D41_A201;D42_A201,2,D41;D42,1,A201,1,1,1,True,True,True,True,False,D41_A201,1,0,RESOLVED_INDEX_GRAPH,0.8325420942229049,0.8325420942229049,,0.02673542857142852,15,False
da4de28a08baa2ecd3709924c8c0912e6eeb441967c3c98e1603e8ff0130b3ba,2,D138_A23;D138_A30,1,D138,2,A23;A30,1,2,2,False,True,True,True,False,D138_A23,1,0,RESOLVED_INDEX_GRAPH,0.0006345568899227311,0.0006345568899227311,,0.00016771428571427105,8,False
daa140d0c9c46c1a9b0f2b2a05515107654b7354f2d1271143555848e9d8ccca,2,D128_A13;D128_A14,1,D128,2,A13;A14,1,1,1,True,True,True,True,False,D128_A13,1,0,RESOLVED_INDEX_GRAPH,0.008008868930603258,0.008008868930603258,,0.007307714285714306,17,False
db923dd2369eaf5a4cbbcbbc034fba8386d787a585d27eb276882aae3b6265df,2,D157_A13;D157_A14,1,D157,2,A13;A14,1,1,1,True,True,True,True,False,D157_A13,1,0,RESOLVED_INDEX_GRAPH,0.000314501993783498,0.000314501993783498,,0.00043285714285712373,10,False
dc7fc68170309b6e34170f5da68a19c16c7f94b5c2429425a72d9b0e43239189,2,D45_A13;D45_A14,1,D45,2,A13;A14,1,1,1,True,True,True,True,False,D45_A13,1,0,RESOLVED_INDEX_GRAPH,0.0003660680881443736,0.0003660680881443736,,4.0285714285714924e-05,3,False
dcec838dd730114b8ffc5ef4d7f482d3a8841353ea3ba6abb1b4354a73737574,2,D170_A278;D171_A278,2,D170;D171,1,A278,2,1,2,False,True,True,True,False,D170_A278,1,0,RESOLVED_INDEX_GRAPH,0.0007200858755583397,0.0007200858755583397,,0.00011771428571416553,7,False
de6734db68bb39ac9bf37f585487a999b6aa93699b263143391b735b393f908f,2,D52_A340;D53_A340,2,D52;D53,1,A340,2,1,2,False,True,True,True,False,D52_A340,1,0,RESOLVED_INDEX_GRAPH,0.0010907170854126968,0.0010907170854126968,,9.428571428571342e-05,5,False
dfe0285f3f05ec0441134df434736d6076153e487e3b41d6c8bfb70dcc913d6f,2,D52_A7;D53_A7,2,D52;D53,1,A7,2,1,2,False,True,True,True,False,D52_A7,1,0,RESOLVED_INDEX_GRAPH,0.004201031613454023,0.004201031613454023,,0.004959142857142829,13,False
e03fb943869c23c073da18f95bd7d3a3ba7eee8949075b8de64d3db29291171b,2,D52_A344;D53_A344,2,D52;D53,1,A344,2,1,2,False,True,True,True,False,D52_A344,1,0,RESOLVED_INDEX_GRAPH,0.00045952742877944765,0.00045952742877944765,,2.4000000000024002e-05,9,False
e0ee679bd757ef32a8215ab9970b43d22b34b2057250ac722f5103fcfc3992ae,2,D31_A185;D31_A186,1,D31,2,A185;A186,1,2,2,False,True,True,True,False,D31_A185,1,0,RESOLVED_INDEX_GRAPH,4.005032298085756e-05,4.005032298085756e-05,,4.742857142858714e-05,2,False
e2d73a3939e6a1e20d4d1344cc8da917aa9e2298a1c39b966da7d3ea29730d41,2,D54_A182;D54_A187,1,D54,2,A182;A187,1,2,2,False,True,True,True,False,D54_A182,1,0,RESOLVED_INDEX_GRAPH,0.0038430124735951148,0.0038430124735951148,,0.001467714285714239,12,False
e382a8ddbf6dcc4ec4e1fae820e729c6218d9d88e08f1ba4da7b1c453fb0c60f,2,D21_A182;D21_A187,1,D21,2,A182;A187,1,2,2,False,True,True,True,False,D21_A182,1,0,RESOLVED_INDEX_GRAPH,0.0009992613264279595,0.0009992613264279595,,0.0010799999999999699,12,False
e42ad8f1f2a4feb0d9470bb438b2409f8e95f1f73db9588e78376f3bb7f1d05f,2,D171_A274;D171_A277,1,D171,2,A274;A277,1,1,1,True,True,True,True,False,D171_A274,1,0,RESOLVED_INDEX_GRAPH,0.0009113987590858985,0.0009113987590858985,,0.000491714285714262,9,False
e43b05f9ee76e6a10100aa46a90df1f8f4046f606475b0775e191c46b9bc03cf,2,D12_A182;D12_A187,1,D12,2,A182;A187,1,2,2,False,True,True,True,False,D12_A182,1,0,RESOLVED_INDEX_GRAPH,1.7565636628607406e-06,1.7565636628607406e-06,,0.0,0,False
e4c6531e36e475b4b589f403a55575ab72615d89b6e629099a296c415252e56a,2,D41_A13;D41_A14,1,D41,2,A13;A14,1,1,1,True,True,True,True,False,D41_A13,1,0,RESOLVED_INDEX_GRAPH,0.0008724436538207172,0.0008724436538207172,,0.00028771428571428004,6,False
e50da96e675174ac8f353c06bd90b22ea672596da1a477ed3bbc09ae5632cf0b,2,D52_A360;D53_A360,2,D52;D53,1,A360,2,1,2,False,True,True,True,False,D52_A360,1,0,RESOLVED_INDEX_GRAPH,0.0006336212717968623,0.0006336212717968623,,0.0004274285714285786,13,False
e6afc5a664a9115361379a1e42658068720251cd9ea38c33dba7d984624926cc,2,D134_A23;D134_A30,1,D134,2,A23;A30,1,2,2,False,True,True,True,False,D134_A23,1,0,RESOLVED_INDEX_GRAPH,0.5671163543171686,0.5671163543171686,,0.03161571428571419,20,False
e6c117e41097cfc6ce9684f05150fd91e3a5723f0428934bf517504088aeffe5,2,D153_A23;D153_A30,1,D153,2,A23;A30,1,2,2,False,True,True,True,False,D153_A23,1,0,RESOLVED_INDEX_GRAPH,7.681877290403564e-07,7.681877290403564e-07,,1.42857142870767e-06,1,False
e6c59b15980140b3a50fa1b8cff8acb15ba71c5cababe18a51392bc2d63d3a1a,2,D52_A174;D53_A174,2,D52;D53,1,A174,2,1,2,False,True,True,True,False,D52_A174,1,0,RESOLVED_INDEX_GRAPH,0.0005433341276181888,0.0005433341276181888,,0.00013057142857136883,9,False
e7c7214ae1f5e2acc4cce20d6fe7bb7fa51b22506046f0640d28f7f83895c130,2,D52_A124;D53_A124,2,D52;D53,1,A124,2,1,2,False,True,True,True,False,D52_A124,1,0,RESOLVED_INDEX_GRAPH,0.8650508012651196,0.8650508012651196,,0.01564885714285713,15,False
e8493e3cf98f5044a6a1ecc540bc98074b48314a2ee855f86274cde49b5df7bf,2,D170_A182;D170_A187,1,D170,2,A182;A187,1,2,2,False,True,True,True,False,D170_A182,1,0,RESOLVED_INDEX_GRAPH,0.0003561777023055267,0.0003561777023055267,,0.00014942857142857813,7,False
e86281f6a1f29bb543151999a33b990a809aad6d2ec212b86c939d31a005ca6a,2,D52_A350;D53_A350,2,D52;D53,1,A350,2,1,2,False,True,True,True,False,D52_A350,1,0,RESOLVED_INDEX_GRAPH,0.0014784835514999707,0.0014784835514999707,,0.0008051428571428376,13,False
e98f0092352ffb0af2a32b0fd35f38bed7bf8be8357288f70fd9eb8fb1c03635,2,D46_A185;D46_A186,1,D46,2,A185;A186,1,2,2,False,True,True,True,False,D46_A185,1,0,RESOLVED_INDEX_GRAPH,0.304748018261194,0.304748018261194,,0.014021999999999979,14,False
ea6c44ab367150f288890efe6154fdeda7ccb3ec9dc41148f9f74074e1ab1104,2,D152_A23;D152_A30,1,D152,2,A23;A30,1,2,2,False,True,True,True,False,D152_A23,1,0,RESOLVED_INDEX_GRAPH,7.38350114430369e-07,7.38350114430369e-07,,0.0,0,False
ea84b897245a7d03a6c22a0a40064870860f6e6f9162a5e39dcabf9ee3d38442,2,D41_A308;D42_A308,2,D41;D42,1,A308,1,1,1,True,True,True,True,False,D41_A308,1,0,RESOLVED_INDEX_GRAPH,0.000323016421469017,0.000323016421469017,,4.285714285734432e-06,0,True
eb1a6763f5a5b4e96dd8ca19512dab27706c529c4ca158a63d8ca0d500da28d2,2,D69_A13;D69_A14,1,D69,2,A13;A14,1,1,1,True,True,True,True,False,D69_A13,1,0,RESOLVED_INDEX_GRAPH,0.0010432322177851428,0.0010432322177851428,,1.6000000000127024e-05,6,False
eb4ffaf8b1a84833311f8b1b26bff932ddf1515ef7cf8174a9ee5fef2ff96253,2,D21_A185;D21_A186,1,D21,2,A185;A186,1,2,2,False,True,True,True,False,D21_A185,1,0,RESOLVED_INDEX_GRAPH,0.0008616570683495033,0.0008616570683495033,,0.0004754285714286821,10,False
ec3a0a1edbb3d3f3d6bac917c5d4970b7cc46db78f2fbca44eff4e5f79eb5656,2,D41_A10;D42_A10,2,D41;D42,1,A10,1,1,1,True,True,True,True,False,D41_A10,1,0,RESOLVED_INDEX_GRAPH,0.0006362602565468743,0.0006362602565468743,,6.171428571422055e-05,4,False
ec4b254ace978932611ddcf3146f934d7faf56b40ca9537e44733574f2beefd3,2,D52_A39;D53_A39,2,D52;D53,1,A39,2,1,2,False,True,True,True,False,D52_A39,1,0,RESOLVED_INDEX_GRAPH,0.000186709970722595,0.000186709970722595,,2.9142857142838707e-05,1,False
ecbb33e36cac563ff7c7c0b7f0132d2fc30036dd5fc53854a2322b7d229f6613,2,D90_A13;D90_A14,1,D90,2,A13;A14,1,1,1,True,True,True,True,False,D90_A13,1,0,RESOLVED_INDEX_GRAPH,0.0007831370387116775,0.0007831370387116775,,0.00018142857142855462,7,False
ed0a47333db772970ac6e033ed8cbef29bb5ba5a7f3ed8df93706770728c1a66,2,D40_A13;D40_A14,1,D40,2,A13;A14,1,1,1,True,True,True,True,False,D40_A13,1,0,RESOLVED_INDEX_GRAPH,8.261107308505771e-07,8.261107308505771e-07,,0.0,0,True
ed97fdc84a61b7e9a51a0804ed3ac836c25e36b8b94ac874addcdcbeec5ca70a,2,D52_A336;D53_A336,2,D52;D53,1,A336,2,1,2,False,True,True,True,False,D52_A336,1,0,RESOLVED_INDEX_GRAPH,0.0009032448795219659,0.0009032448795219659,,0.0002494285714286226,9,False
edbbfe2e97e253cdf07c90af5cae1b23812549c03f33e2b7a9b6a7ad7f462515,2,D112_A13;D112_A14,1,D112,2,A13;A14,1,1,1,True,True,True,True,False,D112_A13,1,0,RESOLVED_INDEX_GRAPH,0.052165178319908675,0.052165178319908675,,0.013545714285714272,17,False
edcfeb20c668c1e11738acb07ff4f886aea809f3c6825d27756e131299a16a9b,2,D95_A13;D95_A14,1,D95,2,A13;A14,1,1,1,True,True,True,True,False,D95_A13,1,0,RESOLVED_INDEX_GRAPH,3.061767267894606e-06,3.061767267894606e-06,,8.571428571357842e-07,0,True
ee094d7a4db71b867bc9cd9d46b381ec7746bd231d8cb3dee4520b06b04dbc0a,2,D62_A13;D62_A14,1,D62,2,A13;A14,1,1,1,True,True,True,True,False,D62_A13,1,0,RESOLVED_INDEX_GRAPH,0.0005595417814274422,0.0005595417814274422,,1.1142857142876217e-05,6,False
ee1ef2bde4601c6706e6815e428a54ec0a93743ca1c6696c07d27df48f790cc8,2,D52_A374;D53_A374,2,D52;D53,1,A374,2,1,2,False,True,True,True,False,D52_A374,1,0,RESOLVED_INDEX_GRAPH,0.00286205502831157,0.00286205502831157,,0.002250571428571324,11,False
efa2f80cd00c6a8951e947d289510ecdcc9ccb3ccc66c261db259c4069f43575,2,D160_A23;D160_A30,1,D160,2,A23;A30,1,2,2,False,True,True,True,False,D160_A23,1,0,RESOLVED_INDEX_GRAPH,0.0020215068612150547,0.0020215068612150547,,0.0035482857142856705,12,False
efbb841c43bc66e9e01233f454abbe19a140bac144e0ada9510483cb729ab8ba,2,D144_A13;D144_A14,1,D144,2,A13;A14,1,1,1,True,True,True,True,False,D144_A13,1,0,RESOLVED_INDEX_GRAPH,2.0223635584804262e-05,2.0223635584804262e-05,,1.6857142857151786e-05,2,False
f0b12ac62d76609b6831f63f7656f7098c521e9360731063c797dcef8d354321,2,D169_A182;D169_A187,1,D169,2,A182;A187,1,2,2,False,True,True,True,False,D169_A182,1,0,RESOLVED_INDEX_GRAPH,7.714328516717205e-07,7.714328516717205e-07,,8.571428571357842e-07,0,False
f0f92c313781d93a12f0e37c229b630c768fe4e847caabb82ebbc777812619b2,2,D39_A23;D39_A30,1,D39,2,A23;A30,1,2,2,False,True,True,True,False,D39_A23,1,0,RESOLVED_INDEX_GRAPH,0.00028490816333744915,0.00028490816333744915,,8.771428571430206e-05,5,False
f1c11cfd3b975547d5bf1e687443861543820619b0ddabfead181f77106b0902,2,D41_A5;D42_A5,2,D41;D42,1,A5,1,1,1,True,True,True,True,False,D41_A5,1,0,RESOLVED_INDEX_GRAPH,2.5654954970168775e-06,2.5654954970168775e-06,,4.000000000004e-06,0,True
f1d17514e50f583a2e250dbaa9b2620eb9f6fa59d90a29845299fdfa0a4a5927,2,D23_A185;D23_A186,1,D23,2,A185;A186,1,2,2,False,True,True,True,False,D23_A185,1,0,RESOLVED_INDEX_GRAPH,0.00019584084347332484,0.00019584084347332484,,3.571428571436108e-05,3,False
f1f0b7c70861395ce97cd64fa380f9cca190755dcf4cb2b6eba7072523a40332,2,D41_A340;D42_A340,2,D41;D42,1,A340,1,1,1,True,True,True,True,False,D41_A340,1,0,RESOLVED_INDEX_GRAPH,0.0008690669828512517,0.0008690669828512517,,0.00014542857142862964,4,False
f1f54aac5ac297d512661e9d45211a00d7977ec2fc34230a21725007594778f6,2,D171_A182;D171_A187,1,D171,2,A182;A187,1,2,2,False,True,True,True,False,D171_A182,1,0,RESOLVED_INDEX_GRAPH,4.890033841794287e-06,4.890033841794287e-06,,1.4285714284856255e-06,0,False
f218c190a07422c08da38b21537b2f192b2f76b8ba59217045dac202b92aba08,2,D41_A181;D42_A181,2,D41;D42,1,A181,1,1,1,True,True,True,True,False,D41_A181,1,0,RESOLVED_INDEX_GRAPH,0.0011695054750572192,0.0011695054750572192,,5.485714285713428e-05,7,False
f2a4156128006f00a5e7f32673febeb7a4b8aa9bf339b67998c4dc04bccf709a,2,D38_A13;D38_A14,1,D38,2,A13;A14,1,1,1,True,True,True,True,False,D38_A13,1,0,RESOLVED_INDEX_GRAPH,0.0006124373895391778,0.0006124373895391778,,0.0003194285714285261,8,False
f327baf73c927ea72cbd6fe2c951dd962f2bac2943f412981d2bc72fa7f82c97,2,D22_A274;D22_A277,1,D22,2,A274;A277,1,1,1,True,True,True,True,False,D22_A274,1,0,RESOLVED_INDEX_GRAPH,0.002134926167138238,0.002134926167138238,,0.00038199999999999346,10,False
f3a823c65bdf72fd9cb63af287dce013c98f0b85078533d01ddf6fa68a57329b,2,D154_A23;D154_A30,1,D154,2,A23;A30,1,2,2,False,True,True,True,False,D154_A23,1,0,RESOLVED_INDEX_GRAPH,0.0017535086621437337,0.0017535086621437337,,0.0136034285714286,14,False
f6304587abc888f92038060d78f192f2ee6681bdd86eb456f3e5a62fb6acfb76,2,D112_A23;D112_A30,1,D112,2,A23;A30,1,2,2,False,True,True,True,False,D112_A23,1,0,RESOLVED_INDEX_GRAPH,0.005192462351058447,0.005192462351058447,,0.02272200000000002,13,False
f8291909637b19295d91c3c5f223f84a4ae9cec164f0e3d492d0624160041c0a,2,D4_A185;D4_A186,1,D4,2,A185;A186,1,2,2,False,True,True,True,False,D4_A185,1,0,RESOLVED_INDEX_GRAPH,4.313427165692548e-06,4.313427165692548e-06,,5.714285713498413e-07,0,False
f85de63d3f5458b3bc2cc802458a00855181e0d22d627f02bc84663557b5e2e5,2,D152_A182;D152_A187,1,D152,2,A182;A187,1,2,2,False,True,True,True,False,D152_A182,1,0,RESOLVED_INDEX_GRAPH,0.0019118106320808552,0.0019118106320808552,,0.0005665714285714163,15,False
f87da047af9b5db6cf54be6cc21b3ca62d2e949943307bce4e35793c3b831971,2,D41_A270;D42_A270,2,D41;D42,1,A270,1,1,1,True,True,True,True,False,D41_A270,1,0,RESOLVED_INDEX_GRAPH,0.0012484956934824694,0.0012484956934824694,,0.00025057142857143333,8,False
f9b4aecfc13b1832d912dd4ef6e6d8778dc80092d8b3182a8a903018dba1000e,2,D118_A185;D118_A186,1,D118,2,A185;A186,1,2,2,False,True,True,True,False,D118_A185,1,0,RESOLVED_INDEX_GRAPH,0.0004668961458646626,0.0004668961458646626,,0.00034457142857158285,14,False
fb0faedaa07f3bbb05b3fa745ceeaef9f968420fcbec7baa68a3d4c06c1bf7c6,2,D41_A362;D42_A362,2,D41;D42,1,A362,1,1,1,True,True,True,True,False,D41_A362,1,0,RESOLVED_INDEX_GRAPH,0.00041721087962320126,0.00041721087962320126,,3.48571428572253e-05,6,False
fb596ea87dee5d9042cb61f3a9d5192089317246e81b2403492f55103c9c1a3f,2,D52_A175;D53_A175,2,D52;D53,1,A175,2,1,2,False,True,True,True,False,D52_A175,1,0,RESOLVED_INDEX_GRAPH,0.0007257966690848056,0.0007257966690848056,,0.0002202857142856729,7,False
fbab8419d1cbdc5a823b712ee129f22bad1f280745eb888b75ca1ab8213546cb,2,D61_A185;D61_A186,1,D61,2,A185;A186,1,2,2,False,True,True,True,False,D61_A185,1,0,RESOLVED_INDEX_GRAPH,0.37551352953431205,0.37551352953431205,,0.052306571428571424,20,False
fbc4e5052d825a2942b9d8af2551c36e1a39ff6385e551151909a5d8776a0f5a,2,D82_A182;D82_A187,1,D82,2,A182;A187,1,2,2,False,True,True,True,False,D82_A182,1,0,RESOLVED_INDEX_GRAPH,0.0003977188639765045,0.0003977188639765045,,0.00015514285714279819,7,False
fc2e3ee99f330d99e390a59694deaa2430c44a1792fc1f6b59e2a86d3904479e,2,D85_A23;D85_A30,1,D85,2,A23;A30,1,2,2,False,True,True,True,False,D85_A23,1,0,RESOLVED_INDEX_GRAPH,0.0003864210921960804,0.0003864210921960804,,1.7714285714176548e-05,4,False
fc7dd48175e1130e9f234e4901ede8fb10e0c87e33922e6d6ab167494a269cfa,2,D12_A274;D12_A277,1,D12,2,A274;A277,1,1,1,True,True,True,True,False,D12_A274,1,0,RESOLVED_INDEX_GRAPH,0.007293784225919111,0.007293784225919111,,0.06729428571428575,14,False
fd09b47f052c7ef3774ddff8e1024b016002896d43fc80888c60c793dcdcbdd6,2,D41_A231;D42_A231,2,D41;D42,1,A231,1,1,1,True,True,True,True,False,D41_A231,1,0,RESOLVED_INDEX_GRAPH,0.0021619684055988225,0.0021619684055988225,,0.0009519999999999529,11,False
fd352523519b215c0fbf5a1392edaff33d8b16dc7675e425f268bc8f7a57046c,2,D7_A182;D7_A187,1,D7,2,A182;A187,1,2,2,False,True,True,True,False,D7_A182,1,0,RESOLVED_INDEX_GRAPH,0.002372006169028003,0.002372006169028003,,0.006006571428571417,13,False
fd4dbe1a81de2fd25fe21521955c1ca24db9b6f46a2f6cbb82033705efd4d1f6,2,D32_A182;D32_A187,1,D32,2,A182;A187,1,2,2,False,True,True,True,False,D32_A182,1,0,RESOLVED_INDEX_GRAPH,0.00023473466050124683,0.00023473466050124683,,2.3142857142888218e-05,3,False
fe24fd86496b14965c44b8a99b4042dcf94f4dbb40f72841f4aaf0808baa170b,2,D52_A170;D53_A170,2,D52;D53,1,A170,2,1,2,False,True,True,True,False,D52_A170,1,0,RESOLVED_INDEX_GRAPH,0.1898448417854252,0.1898448417854252,,0.021192571428571394,20,False
fee7307e67ccd953c326da2e8d62ed8f0094790f2c6d3ee5903b9e559c01a75b,2,D52_A207;D53_A207,2,D52;D53,1,A207,2,1,2,False,True,True,True,False,D52_A207,1,0,RESOLVED_INDEX_GRAPH,0.662096084932435,0.662096084932435,,0.08857599999999993,16,False
ff0051482358e01001d1246bb498f870e6d501db633a9bde9e805ab3e88f8519,2,D52_A312;D53_A312,2,D52;D53,1,A312,2,1,2,False,True,True,True,False,D52_A312,1,0,RESOLVED_INDEX_GRAPH,1.9297349138083149,1.9297349138083149,,0.04220428571428575,16,False
ff231878eeb47b25a16ade954b2542fe8f7af30bddf251c85d22e8929a5cd9e5,2,D52_A348;D53_A348,2,D52;D53,1,A348,2,1,2,False,True,True,True,False,D52_A348,1,0,RESOLVED_INDEX_GRAPH,0.003242804069430366,0.003242804069430366,,0.00034885714285715075,12,False
ff4f9eb086932b21bd2a721557976d32feedd089599e45713af34337ef533d0b,2,D41_A376;D42_A376,2,D41;D42,1,A376,1,1,1,True,True,True,True,False,D41_A376,1,0,RESOLVED_INDEX_GRAPH,0.0016595306676571414,0.0016595306676571414,,0.004597714285714316,13,False
