arm,fold,inference_wall_seconds,path,protocol,sha256,training_wall_seconds
xgb_c0_blind,0,0.05250423075631261,runs/gate2g1c_unified_2d/models/unified_grouped_5fold_oof/xgb_c0_blind/fold0/model.json,unified_grouped_5fold_oof,3bf185adcbb294e8ff7f9fa08d1dd0e6f830e7d0eb9d6653037c3be3b8c8c2f8,2.2868342637084424
xgb_c0_blind,1,0.032334364019334316,runs/gate2g1c_unified_2d/models/unified_grouped_5fold_oof/xgb_c0_blind/fold1/model.json,unified_grouped_5fold_oof,69fb40a5144594bedefc2f0034b9b9873b898d4f46179f6298b759d38bf78ee6,1.0105076720938087
xgb_c0_blind,2,0.033272755797952414,runs/gate2g1c_unified_2d/models/unified_grouped_5fold_oof/xgb_c0_blind/fold2/model.json,unified_grouped_5fold_oof,c038b5b5728d0cbb747565e54c1946642b8a319cd35cde4d3e3e6725e727382b,1.04758782684803
xgb_c0_blind,3,0.036005612928420305,runs/gate2g1c_unified_2d/models/unified_grouped_5fold_oof/xgb_c0_blind/fold3/model.json,unified_grouped_5fold_oof,569474cf2dfd488e37882763947bf67ef2e9cf3080f2053b559fc4e37ac8dea8,1.0962411989457905
xgb_c0_blind,4,0.04285628907382488,runs/gate2g1c_unified_2d/models/unified_grouped_5fold_oof/xgb_c0_blind/fold4/model.json,unified_grouped_5fold_oof,4906d7b91cc1a843e04a1841bb676f8661f221c298a078af5cac14e60bc8a372,1.1016911608166993
xgb_c0_observable_provenance,0,0.03880642028525472,runs/gate2g1c_unified_2d/models/unified_grouped_5fold_oof/xgb_c0_observable_provenance/fold0/model.json,unified_grouped_5fold_oof,939f932547efeadd5a945d9e9753178a10247d0804fa18004cc35321cd2f09fe,1.1012821402400732
xgb_c0_observable_provenance,1,0.03925437107682228,runs/gate2g1c_unified_2d/models/unified_grouped_5fold_oof/xgb_c0_observable_provenance/fold1/model.json,unified_grouped_5fold_oof,7744c22a5198cebf211aae7f44a8fdc50b9597b2c4788ebdd219aa3069b24433,1.0147838410921395
xgb_c0_observable_provenance,2,0.0365147739648819,runs/gate2g1c_unified_2d/models/unified_grouped_5fold_oof/xgb_c0_observable_provenance/fold2/model.json,unified_grouped_5fold_oof,b029efdf5b5336e60eb62dac48aeeef668846f40de6156faeb8b6522f7e52e6e,1.0994052356109023
xgb_c0_observable_provenance,3,0.046448446810245514,runs/gate2g1c_unified_2d/models/unified_grouped_5fold_oof/xgb_c0_observable_provenance/fold3/model.json,unified_grouped_5fold_oof,b53b0f41b9109f6a823179984ed91e43b2cde73b1af6278081875ea7effeeb52,1.032448201905936
xgb_c0_observable_provenance,4,0.04123603459447622,runs/gate2g1c_unified_2d/models/unified_grouped_5fold_oof/xgb_c0_observable_provenance/fold4/model.json,unified_grouped_5fold_oof,03593b2da517048b42c49de980b9fa8101728fc1f90e93b16477c5bd4d6b11a5,1.0816565556451678
xgb_c0_blind,0,0.0430233390070498,runs/gate2g1c_unified_2d/models/source_stratified_acceptor_cold_5fold/xgb_c0_blind/fold0/model.json,source_stratified_acceptor_cold_5fold,3776ade5f36c7790946e7293bd64010543765f47ddced2661e7afecaf0004c4d,1.096269718836993
xgb_c0_blind,1,0.03854944882914424,runs/gate2g1c_unified_2d/models/source_stratified_acceptor_cold_5fold/xgb_c0_blind/fold1/model.json,source_stratified_acceptor_cold_5fold,b862f66620d3f7d6b35f9224ce32cce4ae463ed29ac4b58e0989256961de3f50,1.0723575139418244
xgb_c0_blind,2,0.042414167895913124,runs/gate2g1c_unified_2d/models/source_stratified_acceptor_cold_5fold/xgb_c0_blind/fold2/model.json,source_stratified_acceptor_cold_5fold,4e464306e348933a1b835e0bcc4653b2e149eb1556459eba7ede3d5257b07862,1.1476979670114815
xgb_c0_blind,3,0.04647788591682911,runs/gate2g1c_unified_2d/models/source_stratified_acceptor_cold_5fold/xgb_c0_blind/fold3/model.json,source_stratified_acceptor_cold_5fold,772cab8fd38ee391520693146c253f8f5b48cd3f903750b9a304b2be5d1e1fef,1.0707914801314473
xgb_c0_blind,4,0.03874682914465666,runs/gate2g1c_unified_2d/models/source_stratified_acceptor_cold_5fold/xgb_c0_blind/fold4/model.json,source_stratified_acceptor_cold_5fold,85147fd73e99da07d37f5fb7d0b35c18547c0c555b2f9b7ea600262e4c185353,1.047445076983422
xgb_c0_observable_provenance,0,0.04925099294632673,runs/gate2g1c_unified_2d/models/source_stratified_acceptor_cold_5fold/xgb_c0_observable_provenance/fold0/model.json,source_stratified_acceptor_cold_5fold,2079cdd8a2981b9704ac9d9c4c551164d8b92af59e652c85da28d14b13c323d9,1.1552542741410434
xgb_c0_observable_provenance,1,0.04715792927891016,runs/gate2g1c_unified_2d/models/source_stratified_acceptor_cold_5fold/xgb_c0_observable_provenance/fold1/model.json,source_stratified_acceptor_cold_5fold,a349047818797fbdc54dee8e73de0f794de001206d1ad811f88f6cd3a820f00d,1.0468515250831842
xgb_c0_observable_provenance,2,0.03646425390616059,runs/gate2g1c_unified_2d/models/source_stratified_acceptor_cold_5fold/xgb_c0_observable_provenance/fold2/model.json,source_stratified_acceptor_cold_5fold,40ad815f394976cf47ab340a149ae809f5e13a225675ab62f6b762701f34fa0c,1.0342417056672275
xgb_c0_observable_provenance,3,0.035609541926532984,runs/gate2g1c_unified_2d/models/source_stratified_acceptor_cold_5fold/xgb_c0_observable_provenance/fold3/model.json,source_stratified_acceptor_cold_5fold,964761054e65867d6ccb2c56378359abb4cf8d523d8b3b10ce0ba8b104959c77,1.1536232307553291
xgb_c0_observable_provenance,4,0.04683654801920056,runs/gate2g1c_unified_2d/models/source_stratified_acceptor_cold_5fold/xgb_c0_observable_provenance/fold4/model.json,source_stratified_acceptor_cold_5fold,4b44827a4bbc3e95cf6858c7aed42fed1901655899b7ba46670c2f51a88db55e,1.1596030849032104
xgb_c0_blind,0,0.04721172899007797,runs/gate2g1c_unified_2d/models/pair_cold_5fold/xgb_c0_blind/fold0/model.json,pair_cold_5fold,397bb65bb118a7c9560d7d09e469ce0dd2f19a24f497f7def83d27ed49648a69,1.1684580547735095
xgb_c0_blind,1,0.03322015702724457,runs/gate2g1c_unified_2d/models/pair_cold_5fold/xgb_c0_blind/fold1/model.json,pair_cold_5fold,524d0800e2cb79ee3c8903fdc02cf5b16d116033bef481dbd653414dee831af5,1.1876757191494107
xgb_c0_blind,2,0.043660759925842285,runs/gate2g1c_unified_2d/models/pair_cold_5fold/xgb_c0_blind/fold2/model.json,pair_cold_5fold,fd887a52de2ec067362e794e047830c7e4ee8f1d191703621dfdb99c7b784fcf,1.1364083923399448
xgb_c0_blind,3,0.035869683139026165,runs/gate2g1c_unified_2d/models/pair_cold_5fold/xgb_c0_blind/fold3/model.json,pair_cold_5fold,90a807ba693a8b626d2ce4cc239fbde38fde3a33d8de817b4fd3c1177bfdc6e9,1.0608537979424
xgb_c0_blind,4,0.04070003377273679,runs/gate2g1c_unified_2d/models/pair_cold_5fold/xgb_c0_blind/fold4/model.json,pair_cold_5fold,5874c1e1c46c8a235d622cea3a0107ac057777959d04f6312d4e8dffa2e5e332,1.0888711418956518
xgb_c0_observable_provenance,0,0.04770021000877023,runs/gate2g1c_unified_2d/models/pair_cold_5fold/xgb_c0_observable_provenance/fold0/model.json,pair_cold_5fold,4e545376890c7cfd5a9943e1b9e26a2c1068483bb9700f3fb18bcc1b8af501cb,1.1543972329236567
xgb_c0_observable_provenance,1,0.04535585409030318,runs/gate2g1c_unified_2d/models/pair_cold_5fold/xgb_c0_observable_provenance/fold1/model.json,pair_cold_5fold,1f74796f2b82b58d2385830b329aa27342646dca66a6eea383d1f5442ca16c6c,1.034991418942809
xgb_c0_observable_provenance,2,0.05048331618309021,runs/gate2g1c_unified_2d/models/pair_cold_5fold/xgb_c0_observable_provenance/fold2/model.json,pair_cold_5fold,07533bcb17245cdea26faf20866480cefbd20aaaafc01fbed1236b9badd0ccef,1.17883921880275
xgb_c0_observable_provenance,3,0.040370762813836336,runs/gate2g1c_unified_2d/models/pair_cold_5fold/xgb_c0_observable_provenance/fold3/model.json,pair_cold_5fold,f4d2fc5db95f3cf1b4fd0a4b2a4226f83955f00af7e06483efeb423bc240e000,1.1524873278103769
xgb_c0_observable_provenance,4,0.05266608111560345,runs/gate2g1c_unified_2d/models/pair_cold_5fold/xgb_c0_observable_provenance/fold4/model.json,pair_cold_5fold,cb60bc787908181e4a4200ea17317db2e4011bc966866b454be80b4f3d4c4ac9,1.1532733798958361
xgb_c0_blind,0,0.047117308247834444,runs/gate2g1c_unified_2d/models/donor_cold_5fold/xgb_c0_blind/fold0/model.json,donor_cold_5fold,c27859ebfe2e010b212d3b90cea3cd85347f5bfbf280ed1f0188309586824857,1.1578270308673382
xgb_c0_blind,1,0.05803955299779773,runs/gate2g1c_unified_2d/models/donor_cold_5fold/xgb_c0_blind/fold1/model.json,donor_cold_5fold,f5d29224235c2bfe0ef30a29d761f28f21758db104ac3543e5776eb026721c9a,1.0320647521875799
xgb_c0_blind,2,0.04557378403842449,runs/gate2g1c_unified_2d/models/donor_cold_5fold/xgb_c0_blind/fold2/model.json,donor_cold_5fold,020554f7fbe3c8ca1f92da17ef683189b728349cf0f141df9238ea34d13db759,1.19398080278188
xgb_c0_blind,3,0.04013184178620577,runs/gate2g1c_unified_2d/models/donor_cold_5fold/xgb_c0_blind/fold3/model.json,donor_cold_5fold,3c88feeb66c46a2d4ea5747e572bfbf36d6d430d9bb2a1aa5fddd19bc4a4e282,1.093539971858263
xgb_c0_blind,4,0.03403124772012234,runs/gate2g1c_unified_2d/models/donor_cold_5fold/xgb_c0_blind/fold4/model.json,donor_cold_5fold,dc5fbf0f9e03cd6960bb038913213cedb8ae044bfb15cd83ac28cb9cce6d35ca,1.0379695747978985
xgb_c0_observable_provenance,0,0.045796945225447416,runs/gate2g1c_unified_2d/models/donor_cold_5fold/xgb_c0_observable_provenance/fold0/model.json,donor_cold_5fold,53ee1de775ed583e56e6e7308dff52337ce79e705ab95c19b38fe066915c2161,1.174905579071492
xgb_c0_observable_provenance,1,0.04605597583577037,runs/gate2g1c_unified_2d/models/donor_cold_5fold/xgb_c0_observable_provenance/fold1/model.json,donor_cold_5fold,1915a23a599fec85f0c9b4a6c5d6b679c55eeb8df96109037b773247505b4256,1.1287651932798326
xgb_c0_observable_provenance,2,0.046209435909986496,runs/gate2g1c_unified_2d/models/donor_cold_5fold/xgb_c0_observable_provenance/fold2/model.json,donor_cold_5fold,4602048f084f1d58a5fcaed5ba8b1daa959beeb7ed4dd924f46b00d992065a9d,1.1954539366997778
xgb_c0_observable_provenance,3,0.032025333028286695,runs/gate2g1c_unified_2d/models/donor_cold_5fold/xgb_c0_observable_provenance/fold3/model.json,donor_cold_5fold,fbb550b08741c9897f8c1dd8f612f754b5988f08f5e752d47c01a319ffe6a0e8,1.114174221176654
xgb_c0_observable_provenance,4,0.042443857062608004,runs/gate2g1c_unified_2d/models/donor_cold_5fold/xgb_c0_observable_provenance/fold4/model.json,donor_cold_5fold,8b64b2c3775ff795dad8a86e8e7831d6f61eef057a0b90f50595521770e7a44d,1.1580550307407975
xgb_c0_blind,0,0.031429972033947706,runs/gate2g1c_unified_2d/models/scaffold_cold_5fold/xgb_c0_blind/fold0/model.json,scaffold_cold_5fold,1579df42083904af251f09032dc97475b4ae71e7e347d65cd5dd051bd000da62,1.0395016293041408
xgb_c0_blind,1,0.04576982604339719,runs/gate2g1c_unified_2d/models/scaffold_cold_5fold/xgb_c0_blind/fold1/model.json,scaffold_cold_5fold,cbe8d70e0ddbc2cc06044aa484ff232049621caeab6aa10516df0613b7f48f08,1.0206417059525847
xgb_c0_blind,2,0.03154259268194437,runs/gate2g1c_unified_2d/models/scaffold_cold_5fold/xgb_c0_blind/fold2/model.json,scaffold_cold_5fold,cf44fdfdb64e7163aa16feae927ded664de809d60a5edf63d65eb550031d3c5e,1.0825448669493198
xgb_c0_blind,3,0.03641457296907902,runs/gate2g1c_unified_2d/models/scaffold_cold_5fold/xgb_c0_blind/fold3/model.json,scaffold_cold_5fold,ad613303692ac06a674900ff40dcbb0d49ece86acc2f306d3fa3a0636049bfa6,1.1338956449180841
xgb_c0_blind,4,0.03904384979978204,runs/gate2g1c_unified_2d/models/scaffold_cold_5fold/xgb_c0_blind/fold4/model.json,scaffold_cold_5fold,4b84253a40276250b35ae44953c9dcbfa65aa5e0128b7aa46b7696921c7afb82,1.1516825458966196
xgb_c0_observable_provenance,0,0.04431106196716428,runs/gate2g1c_unified_2d/models/scaffold_cold_5fold/xgb_c0_observable_provenance/fold0/model.json,scaffold_cold_5fold,97e213d3949874a178b34a713e0650aa63ed0511a6b4d995d074e6499419a9d2,1.1598215950652957
xgb_c0_observable_provenance,1,0.03256094362586737,runs/gate2g1c_unified_2d/models/scaffold_cold_5fold/xgb_c0_observable_provenance/fold1/model.json,scaffold_cold_5fold,feedfeb3b8354c6391750c55f1c17176faeefd480d8055cd3747ffd706ec71f7,1.1601146357133985
xgb_c0_observable_provenance,2,0.031099010724574327,runs/gate2g1c_unified_2d/models/scaffold_cold_5fold/xgb_c0_observable_provenance/fold2/model.json,scaffold_cold_5fold,954ac732db050153891e6b041e95ca14d7fce3b1d2b03c57c99586f9f1a7a505,1.0462330537848175
xgb_c0_observable_provenance,3,0.04329778999090195,runs/gate2g1c_unified_2d/models/scaffold_cold_5fold/xgb_c0_observable_provenance/fold3/model.json,scaffold_cold_5fold,2a959ca939fc85baad8e1e97afe6cdbd21061a2bfed2ca763b3183bcbf3a4a79,1.1148324408568442
xgb_c0_observable_provenance,4,0.04617287591099739,runs/gate2g1c_unified_2d/models/scaffold_cold_5fold/xgb_c0_observable_provenance/fold4/model.json,scaffold_cold_5fold,88a3043cef1741beffdceadc5436c5c85b08d472075ac4f6bba03a9d059a74d3,1.1593542536720634
xgb_c0_blind,0,0.0,runs/gate2g1c_unified_2d/models/leave_one_cohort_out_new15016/xgb_c0_blind/holdout/model.json,leave_one_cohort_out_new15016,3ef5a584f099ecf6896b0c198e234afa06bf6e0a44b99d2d0743c9db92360811,0.9564790283329785
xgb_c0_observable_provenance,0,0.0,runs/gate2g1c_unified_2d/models/leave_one_cohort_out_new15016/xgb_c0_observable_provenance/holdout/model.json,leave_one_cohort_out_new15016,9b7e4c5355682dfba510c1b21c9ce13dc8b946195b4c83d4b2234691cb1f3665,1.0977798020467162
xgb_c0_blind,0,0.0,runs/gate2g1c_unified_2d/models/leave_one_cohort_out_old7316/xgb_c0_blind/holdout/model.json,leave_one_cohort_out_old7316,7b82cc41f8952260cdabf73bb98b316ed28c86157a9a14abf4150d77dd1e44b4,1.0751257608644664
xgb_c0_observable_provenance,0,0.0,runs/gate2g1c_unified_2d/models/leave_one_cohort_out_old7316/xgb_c0_observable_provenance/holdout/model.json,leave_one_cohort_out_old7316,c69aae28e5de0eb9205312c73dca878add5cde794de50b6e56ce78bb74757fa9,1.0858560749329627
xgb_c0_blind,0,0.0,runs/gate2g1c_unified_2d/models/leave_one_cohort_out_external2698/xgb_c0_blind/holdout/model.json,leave_one_cohort_out_external2698,e3a95abe102dda7637bf5ec4feaf4c9c42c6aafc0b91a9b66928217772925ee4,1.1961943288333714
xgb_c0_observable_provenance,0,0.0,runs/gate2g1c_unified_2d/models/leave_one_cohort_out_external2698/xgb_c0_observable_provenance/holdout/model.json,leave_one_cohort_out_external2698,c95dc90091f29141c67c7a7186e66c4c2c2b888385ff18e650966c645b96c2d0,1.17524348013103
