arm,fold,group_macro_mae,group_macro_r2,group_macro_rmse,groups,inference_wall_seconds,model_sha256,parameter_count,peak_rss_kib,protocol,record_mae,record_r2,record_rmse,records,source_cohort_macro_mae,source_gap,source_mae,training_wall_seconds,worst_source_mae
xgb_c0_blind,0,0.08564139440842962,0.7458900700406362,0.12028762417486333,4908,0.05250423075631261,3bf185adcbb294e8ff7f9fa08d1dd0e6f830e7d0eb9d6653037c3be3b8c8c2f8,XGBoost_trees_500,779580,unified_grouped_5fold_oof,0.08551883542149827,0.7458571567830541,0.12010956789162698,5002,0.08077380981921524,0.02467108276911227,"{'external2698': 0.06536796750186094, 'new15016': 0.08691441168481161, 'old7316': 0.09003905027097321}",2.2868342637084424,0.09003905027097321
xgb_c0_blind,1,0.0886801901161648,0.7387223857050871,0.12463190218922461,4910,0.032334364019334316,69fb40a5144594bedefc2f0034b9b9873b898d4f46179f6298b759d38bf78ee6,XGBoost_trees_500,1068600,unified_grouped_5fold_oof,0.08885957283878264,0.738376709469915,0.12481100897772116,5002,0.08478509674531924,0.022338872148401176,"{'external2698': 0.07111899900239606, 'new15016': 0.08977842008276443, 'old7316': 0.09345787115079723}",1.0105076720938087,0.09345787115079723
xgb_c0_blind,2,0.08743862765345924,0.7368726986035085,0.12354777530997849,4909,0.033272755797952414,c038b5b5728d0cbb747565e54c1946642b8a319cd35cde4d3e3e6725e727382b,XGBoost_trees_500,1095444,unified_grouped_5fold_oof,0.08766651401969139,0.7363466284879785,0.12371927429672643,5001,0.0815532368692018,0.031294855288186214,"{'external2698': 0.06189308940695292, 'new15016': 0.08957867650551334, 'old7316': 0.09318794469513914}",1.04758782684803,0.09318794469513914
xgb_c0_blind,3,0.08546501037638085,0.737466778853133,0.12202149511638138,4908,0.036005612928420305,569474cf2dfd488e37882763947bf67ef2e9cf3080f2053b559fc4e37ac8dea8,XGBoost_trees_500,1105824,unified_grouped_5fold_oof,0.08551307098527833,0.7364909508382114,0.12221844339678001,5002,0.08141199438283073,0.023583558150792966,"{'external2698': 0.0672228632932837, 'new15016': 0.08620669841113181, 'old7316': 0.09080642144407666}",1.0962411989457905,0.09080642144407666
xgb_c0_blind,4,0.08657732730371917,0.7347013255037189,0.12282482310885724,4908,0.04285628907382488,4906d7b91cc1a843e04a1841bb676f8661f221c298a078af5cac14e60bc8a372,XGBoost_trees_500,1117828,unified_grouped_5fold_oof,0.08671800895699884,0.7345700924892484,0.12284650061284644,5001,0.08093821417351582,0.032448558687462645,"{'external2698': 0.06125059375196429, 'new15016': 0.08786489632915623, 'old7316': 0.09369915243942693}",1.1016911608166993,0.09369915243942693
xgb_c0_observable_provenance,0,0.07998201183988995,0.7804962181042846,0.11179725299657427,4908,0.03880642028525472,939f932547efeadd5a945d9e9753178a10247d0804fa18004cc35321cd2f09fe,XGBoost_trees_500,1124048,unified_grouped_5fold_oof,0.0798963323491463,0.780452316413444,0.11163569797839212,5002,0.07476981008360188,0.02149866354126828,"{'external2698': 0.06258137695311075, 'new15016': 0.08408004049437903, 'old7316': 0.07764801280331586}",1.1012821402400732,0.08408004049437903
xgb_c0_observable_provenance,1,0.08314759630898608,0.7707358295775737,0.11674713094513418,4910,0.03925437107682228,7744c22a5198cebf211aae7f44a8fdc50b9597b2c4788ebdd219aa3069b24433,XGBoost_trees_500,1127188,unified_grouped_5fold_oof,0.08322650084637782,0.7711068288091488,0.11674307013447631,5002,0.07891122542000834,0.01803181468691105,"{'external2698': 0.06880310227171996, 'new15016': 0.086834916958631, 'old7316': 0.08109565702967401}",1.0147838410921395,0.086834916958631
xgb_c0_observable_provenance,2,0.08091282676458579,0.777980649591894,0.11348733235845383,4909,0.0365147739648819,b029efdf5b5336e60eb62dac48aeeef668846f40de6156faeb8b6522f7e52e6e,XGBoost_trees_500,1138324,unified_grouped_5fold_oof,0.08106444984136803,0.7778023252295696,0.11357701596112438,5001,0.07560535360543452,0.02321656010577222,"{'external2698': 0.061823599382521494, 'new15016': 0.08504015948829372, 'old7316': 0.07995230194548837}",1.0994052356109023,0.08504015948829372
xgb_c0_observable_provenance,3,0.08034037704113701,0.7739189060112669,0.11323386504906367,4908,0.046448446810245514,b53b0f41b9109f6a823179984ed91e43b2cde73b1af6278081875ea7effeeb52,XGBoost_trees_500,1138324,unified_grouped_5fold_oof,0.08038296788050127,0.7732909895737465,0.11336353286570218,5002,0.07641347444761955,0.016894187988972187,"{'external2698': 0.06638338103896413, 'new15016': 0.08327756902793632, 'old7316': 0.0795794732759582}",1.032448201905936,0.08327756902793632
xgb_c0_observable_provenance,4,0.08076782865130133,0.7705139343538545,0.11423436383331675,4908,0.04123603459447622,03593b2da517048b42c49de980b9fa8101728fc1f90e93b16477c5bd4d6b11a5,XGBoost_trees_500,1138324,unified_grouped_5fold_oof,0.08089385342805736,0.7706970110215642,0.11418070489217957,5001,0.07504201910131097,0.02479970028530857,"{'external2698': 0.06048703589545435, 'new15016': 0.08528673618076292, 'old7316': 0.07935228522771563}",1.0816565556451678,0.08528673618076292
xgb_c0_blind,0,0.10222534909580797,0.6586741140009174,0.15083971545174096,4396,0.0430233390070498,3776ade5f36c7790946e7293bd64010543765f47ddced2661e7afecaf0004c4d,XGBoost_trees_500,1138324,source_stratified_acceptor_cold_5fold,0.1021096823707805,0.6622654457536872,0.15058583828746566,4426,0.10740729129010677,0.019857857767978784,"{'external2698': 0.1154623742393082, 'new15016': 0.09560451647132942, 'old7316': 0.11115498315968272}",1.096269718836993,0.1154623742393082
xgb_c0_blind,1,0.09195815549245033,0.7145381581944947,0.12886969774315113,5176,0.03854944882914424,b862f66620d3f7d6b35f9224ce32cce4ae463ed29ac4b58e0989256961de3f50,XGBoost_trees_500,1138324,source_stratified_acceptor_cold_5fold,0.092019829810512,0.714692553831812,0.128873108722791,5272,0.09210509644731835,0.008975316116377308,"{'external2698': 0.08900858947988075, 'new15016': 0.08932279426581627, 'old7316': 0.09798390559625805}",1.0723575139418244,0.09798390559625805
xgb_c0_blind,2,0.09285635593260472,0.6919046359259613,0.1288237679435627,5622,0.042414167895913124,4e464306e348933a1b835e0bcc4653b2e149eb1556459eba7ede3d5257b07862,XGBoost_trees_500,1138324,source_stratified_acceptor_cold_5fold,0.09266930480966995,0.6940833733839558,0.12859292470655953,5649,0.08577394880226404,0.03484767925032835,"{'external2698': 0.06361278142069102, 'new15016': 0.09524860431508175, 'old7316': 0.09846046067101936}",1.1476979670114815,0.09846046067101936
xgb_c0_blind,3,0.0923123484641237,0.6866006014779282,0.12814274582646268,4798,0.04647788591682911,772cab8fd38ee391520693146c253f8f5b48cd3f903750b9a304b2be5d1e1fef,XGBoost_trees_500,1138324,source_stratified_acceptor_cold_5fold,0.09232888121877793,0.686737583748475,0.12814036990269645,4823,0.08635165870294659,0.02626698740576075,"{'external2698': 0.06898810425626885, 'new15016': 0.0952550916620296, 'old7316': 0.09481178019054132}",1.0707914801314473,0.0952550916620296
xgb_c0_blind,4,0.09391901020386077,0.6992139532137991,0.13108890347209637,4755,0.03874682914465666,85147fd73e99da07d37f5fb7d0b35c18547c0c555b2f9b7ea600262e4c185353,XGBoost_trees_500,1151064,source_stratified_acceptor_cold_5fold,0.09399614926911051,0.697217951911462,0.13107246331411498,4838,0.0977732794151737,0.015763727271744757,"{'external2698': 0.10544015846688805, 'new15016': 0.08967643119514329, 'old7316': 0.09820324858348978}",1.047445076983422,0.10544015846688805
xgb_c0_observable_provenance,0,0.09611633679206222,0.6992140562654438,0.14161327679718225,4396,0.04925099294632673,2079cdd8a2981b9704ac9d9c4c551164d8b92af59e652c85da28d14b13c323d9,XGBoost_trees_500,1151064,source_stratified_acceptor_cold_5fold,0.09598527454409388,0.7023402187723338,0.1413697408458586,4426,0.10157709133930616,0.023682848254589176,"{'external2698': 0.11566033854702994, 'new15016': 0.09197749029244076, 'old7316': 0.09709344517844781}",1.1552542741410434,0.11566033854702994
xgb_c0_observable_provenance,1,0.085455445772887,0.7500499141704967,0.12058781423489075,5176,0.04715792927891016,a349047818797fbdc54dee8e73de0f794de001206d1ad811f88f6cd3a820f00d,XGBoost_trees_500,1151064,source_stratified_acceptor_cold_5fold,0.08533940264754888,0.7512018346438986,0.12034535668500615,5272,0.08719454637350581,0.0077323145342744065,"{'external2698': 0.09201763338669125, 'new15016': 0.08428531885241684, 'old7316': 0.08528068688140933}",1.0468515250831842,0.09201763338669125
xgb_c0_observable_provenance,2,0.08680822039445314,0.7345560275068235,0.11942634232182915,5622,0.03646425390616059,40ad815f394976cf47ab340a149ae809f5e13a225675ab62f6b762701f34fa0c,XGBoost_trees_500,1151064,source_stratified_acceptor_cold_5fold,0.08668239346281387,0.7369296291642137,0.11924810922822968,5649,0.08001148114129537,0.028294729355079956,"{'external2698': 0.06442569891199738, 'new15016': 0.09272042826707734, 'old7316': 0.08288831624481142}",1.0342417056672275,0.09272042826707734
xgb_c0_observable_provenance,3,0.08781695551818237,0.7213721994319322,0.12082510182471412,4798,0.035609541926532984,964761054e65867d6ccb2c56378359abb4cf8d523d8b3b10ce0ba8b104959c77,XGBoost_trees_500,1151064,source_stratified_acceptor_cold_5fold,0.08785047465362399,0.7213312306401922,0.12085815955987851,4823,0.08259501661966974,0.021232737150369788,"{'external2698': 0.07093610267228061, 'new15016': 0.0921688398226504, 'old7316': 0.08468010736407819}",1.1536232307553291,0.0921688398226504
xgb_c0_observable_provenance,4,0.08791229104962502,0.7334332100849199,0.12327467975021428,4755,0.04683654801920056,4b44827a4bbc3e95cf6858c7aed42fed1901655899b7ba46670c2f51a88db55e,XGBoost_trees_500,1154232,source_stratified_acceptor_cold_5fold,0.08804455932880388,0.7319083854205006,0.12333547632004654,4838,0.09137989948506571,0.02730998175397878,"{'external2698': 0.10611642725216669, 'new15016': 0.08921682570484259, 'old7316': 0.07880644549818791}",1.1596030849032104,0.10611642725216669
xgb_c0_blind,0,0.08661008222021774,0.7396628239817452,0.12223875848552844,4965,0.04721172899007797,397bb65bb118a7c9560d7d09e469ce0dd2f19a24f497f7def83d27ed49648a69,XGBoost_trees_500,1154232,pair_cold_5fold,0.08670185398044936,0.7394664100493311,0.12239358673308569,4987,0.08327818941154662,0.022655867374412997,"{'external2698': 0.07016436636253025, 'new15016': 0.08684996813516636, 'old7316': 0.09282023373694324}",1.1684580547735095,0.09282023373694324
xgb_c0_blind,1,0.08772452487539442,0.7376464774427267,0.12360972216812412,5036,0.03322015702724457,524d0800e2cb79ee3c8903fdc02cf5b16d116033bef481dbd653414dee831af5,XGBoost_trees_500,1154232,pair_cold_5fold,0.08772604033047289,0.7378962311249948,0.12356940658529406,5050,0.08285452516250624,0.02496807418725494,"{'external2698': 0.0671104512522052, 'new15016': 0.08937459879585338, 'old7316': 0.09207852543946014}",1.1876757191494107,0.09207852543946014
xgb_c0_blind,2,0.0856805714229225,0.7477415638665779,0.12003695313605084,4982,0.043660759925842285,fd887a52de2ec067362e794e047830c7e4ee8f1d191703621dfdb99c7b784fcf,XGBoost_trees_500,1154232,pair_cold_5fold,0.08576591816283165,0.7481561122450467,0.12016525240490558,5001,0.07890933728771832,0.031830092593045076,"{'external2698': 0.058090613736628605, 'new15016': 0.08871669179685265, 'old7316': 0.08992070632967368}",1.1364083923399448,0.08992070632967368
xgb_c0_blind,3,0.08491933020175614,0.7362603613883747,0.12032224555652414,4934,0.035869683139026165,90a807ba693a8b626d2ce4cc239fbde38fde3a33d8de817b4fd3c1177bfdc6e9,XGBoost_trees_500,1154232,pair_cold_5fold,0.08479518614932294,0.737419945744566,0.12015467164318043,4959,0.07870149478550949,0.028031114272960955,"{'external2698': 0.06045909034271686, 'new15016': 0.0871551893981338, 'old7316': 0.08849020461567782}",1.0608537979424,0.08849020461567782
xgb_c0_blind,4,0.0885062831609954,0.7286724004497476,0.1273660782842284,4977,0.04070003377273679,5874c1e1c46c8a235d622cea3a0107ac057777959d04f6312d4e8dffa2e5e332,XGBoost_trees_500,1154232,pair_cold_5fold,0.08853543054026992,0.7290345740173296,0.12729488880384177,5003,0.08397257262030905,0.028228861488093684,"{'external2698': 0.06751747427790325, 'new15016': 0.08865390781702696, 'old7316': 0.09574633576599693}",1.0888711418956518,0.09574633576599693
xgb_c0_observable_provenance,0,0.08024754389335921,0.7781438234446778,0.11284267855049573,4965,0.04770021000877023,4e545376890c7cfd5a9943e1b9e26a2c1068483bb9700f3fb18bcc1b8af501cb,XGBoost_trees_500,1171964,pair_cold_5fold,0.08033028289515573,0.7781107126235999,0.11295227114102879,4987,0.07609238636084971,0.018051935437234712,"{'external2698': 0.06555190570786379, 'new15016': 0.0836038411450985, 'old7316': 0.07912141222958684}",1.1543972329236567,0.0836038411450985
xgb_c0_observable_provenance,1,0.08171382805829173,0.7735717390070761,0.11486927803540185,5036,0.04535585409030318,1f74796f2b82b58d2385830b329aa27342646dca66a6eea383d1f5442ca16c6c,XGBoost_trees_500,1171964,pair_cold_5fold,0.08169397715693162,0.7735971867714106,0.11484583181565731,5050,0.07687664221215347,0.020065214093508296,"{'external2698': 0.0658770971842037, 'new15016': 0.085942311277712, 'old7316': 0.07881051817454471}",1.034991418942809,0.085942311277712
xgb_c0_observable_provenance,2,0.08013143140392592,0.7839346806679732,0.11101538529485415,4982,0.05048331618309021,07533bcb17245cdea26faf20866480cefbd20aaaafc01fbed1236b9badd0ccef,XGBoost_trees_500,1184932,pair_cold_5fold,0.08016271963319845,0.7848632483529203,0.11106328096099889,5001,0.07302761476232784,0.030026644164268215,"{'external2698': 0.055846479281812966, 'new15016': 0.08587312344608118, 'old7316': 0.07736324155908939}",1.17883921880275,0.08587312344608118
xgb_c0_observable_provenance,3,0.07986737133602365,0.770807387467185,0.11208091572672133,4934,0.040370762813836336,f4d2fc5db95f3cf1b4fd0a4b2a4226f83955f00af7e06483efeb423bc240e000,XGBoost_trees_500,1184932,pair_cold_5fold,0.07978060433319653,0.7719991524558726,0.11196390182864296,4959,0.07424828707513052,0.023223668720650202,"{'external2698': 0.06075296122245714, 'new15016': 0.08397662994310734, 'old7316': 0.07801527005982707}",1.1524873278103769,0.08397662994310734
xgb_c0_observable_provenance,4,0.08169984193543996,0.7723541679563337,0.1166219790417034,4977,0.05266608111560345,cb60bc787908181e4a4200ea17317db2e4011bc966866b454be80b4f3d4c4ac9,XGBoost_trees_500,1188644,pair_cold_5fold,0.08169543779407717,0.7729382631740815,0.1165268492062667,5003,0.07701386728181016,0.01982579916770616,"{'external2698': 0.0651674132365054, 'new15016': 0.08499321240421157, 'old7316': 0.0808809762047135}",1.1532733798958361,0.08499321240421157
xgb_c0_blind,0,0.08992514547027344,0.7434547133300335,0.12683034230884474,5219,0.047117308247834444,c27859ebfe2e010b212d3b90cea3cd85347f5bfbf280ed1f0188309586824857,XGBoost_trees_500,1188644,donor_cold_5fold,0.08980456850386861,0.7435742282627826,0.12660292853126723,5294,0.09263574946714977,0.014086778298897443,"{'external2698': 0.10140159029467657, 'new15016': 0.08731481199577913, 'old7316': 0.0891908461109936}",1.1578270308673382,0.10140159029467657
xgb_c0_blind,1,0.09759382344622856,0.7224151982251772,0.1345607666562098,6278,0.05803955299779773,f5d29224235c2bfe0ef30a29d761f28f21758db104ac3543e5776eb026721c9a,XGBoost_trees_500,1188644,donor_cold_5fold,0.09795332965362832,0.7225732008303338,0.1347430112477267,6429,0.09638594223935697,0.01985220441826341,"{'external2698': 0.08708825857031131, 'new15016': 0.09512910515918485, 'old7316': 0.10694046298857472}",1.0320647521875799,0.10694046298857472
xgb_c0_blind,2,0.09498035805237465,0.6382142743482963,0.1304162053236083,3461,0.04557378403842449,020554f7fbe3c8ca1f92da17ef683189b728349cf0f141df9238ea34d13db759,XGBoost_trees_500,1201320,donor_cold_5fold,0.0951288993887357,0.6363905596825987,0.1306319411498648,3503,0.08648672986709656,0.03491073241272455,"{'external2698': 0.06553503271496523, 'new15016': 0.10044576512768978, 'old7316': 0.09347939175863465}",1.19398080278188,0.10044576512768978
xgb_c0_blind,3,0.10192765806245743,0.6140697235576816,0.142991070813833,5064,0.04013184178620577,3c88feeb66c46a2d4ea5747e572bfbf36d6d430d9bb2a1aa5fddd19bc4a4e282,XGBoost_trees_500,1201320,donor_cold_5fold,0.1020022487374727,0.6136373972434666,0.1431169528394643,5124,0.08965554392129627,0.04732368847011266,"{'external2698': 0.06265792145644936, 'new15016': 0.10998160992656202, 'old7316': 0.09632710038087741}",1.093539971858263,0.10998160992656202
xgb_c0_blind,4,0.09609262542778109,0.6617250142504844,0.13352519464894405,4593,0.03403124772012234,dc5fbf0f9e03cd6960bb038913213cedb8ae044bfb15cd83ac28cb9cce6d35ca,XGBoost_trees_500,1201320,donor_cold_5fold,0.09616794758501714,0.663254595748108,0.13376102289520267,4658,0.09290527293494959,0.016224172866702746,"{'external2698': 0.08214774159467393, 'new15016': 0.09837191446137668, 'old7316': 0.09819616274879815}",1.0379695747978985,0.09837191446137668
xgb_c0_observable_provenance,0,0.08654231458577705,0.7619173746369459,0.122180904266127,5219,0.045796945225447416,53ee1de775ed583e56e6e7308dff52337ce79e705ab95c19b38fe066915c2161,XGBoost_trees_500,1201320,donor_cold_5fold,0.0864410031173703,0.7620299527449456,0.12196186716413704,5294,0.08865435866496689,0.018213935687616742,"{'external2698': 0.09948562386750441, 'new15016': 0.08520576394750858, 'old7316': 0.08127168817988767}",1.174905579071492,0.09948562386750441
xgb_c0_observable_provenance,1,0.08977227260300794,0.7714213938890657,0.12214939215037676,6278,0.04605597583577037,1915a23a599fec85f0c9b4a6c5d6b679c55eeb8df96109037b773247505b4256,XGBoost_trees_500,1201320,donor_cold_5fold,0.08988071284457165,0.772397448651167,0.12204517267732255,6429,0.08915007098149441,0.002968520299132721,"{'external2698': 0.08787465368825947, 'new15016': 0.0908431739873922, 'old7316': 0.08873238526883159}",1.1287651932798326,0.0908431739873922
xgb_c0_observable_provenance,2,0.0888647067294944,0.6800825273791087,0.12263793404309975,3461,0.046209435909986496,4602048f084f1d58a5fcaed5ba8b1daa959beeb7ed4dd924f46b00d992065a9d,XGBoost_trees_500,1201320,donor_cold_5fold,0.08894171233717167,0.6788737730574425,0.12276362207745749,3503,0.08125926315848415,0.030746807595129683,"{'external2698': 0.064032794002618, 'new15016': 0.09477960159774768, 'old7316': 0.08496539387508678}",1.1954539366997778,0.09477960159774768
xgb_c0_observable_provenance,3,0.08896508207463392,0.7024114852964249,0.12556325806864016,5064,0.032025333028286695,fbb550b08741c9897f8c1dd8f612f754b5988f08f5e752d47c01a319ffe6a0e8,XGBoost_trees_500,1201320,donor_cold_5fold,0.08904164353806485,0.702212795451081,0.12564538916361842,5124,0.08137223713852815,0.02973320225798584,"{'external2698': 0.0649943435382522, 'new15016': 0.09472754579623804, 'old7316': 0.08439482208109421}",1.114174221176654,0.09472754579623804
xgb_c0_observable_provenance,4,0.0890047449776985,0.7190856435745298,0.12171703138243434,4593,0.042443857062608004,8b64b2c3775ff795dad8a86e8e7831d6f61eef057a0b90f50595521770e7a44d,XGBoost_trees_500,1201320,donor_cold_5fold,0.08923069136862773,0.7193309755751212,0.12211696020425139,4658,0.08728673974020118,0.006917186245754631,"{'external2698': 0.08542294688793312, 'new15016': 0.09167722928921254, 'old7316': 0.08476004304345791}",1.1580550307407975,0.09167722928921254
xgb_c0_blind,0,0.08959108571877525,0.7385198483746152,0.12562667582586268,4860,0.031429972033947706,1579df42083904af251f09032dc97475b4ae71e7e347d65cd5dd051bd000da62,XGBoost_trees_500,1201320,scaffold_cold_5fold,0.08965889826151718,0.7389297314780703,0.1257220443124256,4948,0.08631487916725523,0.023105203317419637,"{'external2698': 0.07292455171162428, 'new15016': 0.0899903307610975, 'old7316': 0.09602975502904391}",1.0395016293041408,0.09602975502904391
xgb_c0_blind,1,0.08949276456361087,0.7168582189223092,0.12663237856743045,4912,0.04576982604339719,cbe8d70e0ddbc2cc06044aa484ff232049621caeab6aa10516df0613b7f48f08,XGBoost_trees_500,1201320,scaffold_cold_5fold,0.08947902725702986,0.716958713355245,0.12674480990766124,4994,0.08553863195712197,0.021038763027777407,"{'external2698': 0.0725367886370407, 'new15016': 0.09050355556950711, 'old7316': 0.09357555166481811}",1.0206417059525847,0.09357555166481811
xgb_c0_blind,2,0.0884736390321587,0.7302562040781273,0.1236628747715479,4766,0.03154259268194437,cf44fdfdb64e7163aa16feae927ded664de809d60a5edf63d65eb550031d3c5e,XGBoost_trees_500,1201320,scaffold_cold_5fold,0.0885230382433896,0.7299465996225701,0.12362522955748877,4851,0.08348347442752894,0.024118640591484886,"{'external2698': 0.06804287222238717, 'new15016': 0.09024603824632758, 'old7316': 0.09216151281387205}",1.0825448669493198,0.09216151281387205
xgb_c0_blind,3,0.08632704961162924,0.7264898008571163,0.12149555223978907,4854,0.03641457296907902,ad613303692ac06a674900ff40dcbb0d49ece86acc2f306d3fa3a0636049bfa6,XGBoost_trees_500,1201320,scaffold_cold_5fold,0.08632727091397667,0.7265883386190409,0.12153498181974413,4958,0.08083101743612846,0.030015064423643087,"{'external2698': 0.06254344859541838, 'new15016': 0.08739109069390551, 'old7316': 0.09255851301906147}",1.1338956449180841,0.09255851301906147
xgb_c0_blind,4,0.08973395671136623,0.7277842329135691,0.12793996623021892,5151,0.03904384979978204,4b84253a40276250b35ae44953c9dcbfa65aa5e0128b7aa46b7696921c7afb82,XGBoost_trees_500,1201320,scaffold_cold_5fold,0.08988678664185133,0.7264277308954183,0.12791666655852832,5257,0.08594305944121043,0.027461955178556888,"{'external2698': 0.07060134963504446, 'new15016': 0.08916452387498545, 'old7316': 0.09806330481360134}",1.1516825458966196,0.09806330481360134
xgb_c0_observable_provenance,0,0.08367716816302395,0.7751828511141394,0.11648693600449128,4860,0.04431106196716428,97e213d3949874a178b34a713e0650aa63ed0511a6b4d995d074e6499419a9d2,XGBoost_trees_500,1222036,scaffold_cold_5fold,0.08381965309112933,0.7754377256388151,0.11660069134531793,4948,0.07981143841599533,0.016279163636584965,"{'external2698': 0.07119977924884358, 'new15016': 0.08747894288542854, 'old7316': 0.08075559311371389}",1.1598215950652957,0.08747894288542854
xgb_c0_observable_provenance,1,0.083469778900707,0.7543262225355354,0.11795658383882981,4912,0.03256094362586737,feedfeb3b8354c6391750c55f1c17176faeefd480d8055cd3747ffd706ec71f7,XGBoost_trees_500,1223848,scaffold_cold_5fold,0.08356583770246366,0.7535984481848481,0.11825704122600296,4994,0.0797855472891243,0.01590491773161594,"{'external2698': 0.07092315751268606, 'new15016': 0.086828075244302, 'old7316': 0.08160540911038486}",1.1601146357133985,0.086828075244302
xgb_c0_observable_provenance,2,0.08328563801488738,0.7627299656516751,0.11598052023210947,4766,0.031099010724574327,954ac732db050153891e6b041e95ca14d7fce3b1d2b03c57c99586f9f1a7a505,XGBoost_trees_500,1227592,scaffold_cold_5fold,0.08328408814001231,0.7627296805534189,0.1158788011565428,4851,0.07806123990202184,0.021461348423480686,"{'external2698': 0.0658703215886388, 'new15016': 0.08733167001211949, 'old7316': 0.08098172810530722}",1.0462330537848175,0.08733167001211949
xgb_c0_observable_provenance,3,0.08092833104997037,0.7645626989132093,0.11272266603426742,4854,0.04329778999090195,2a959ca939fc85baad8e1e97afe6cdbd21061a2bfed2ca763b3183bcbf3a4a79,XGBoost_trees_500,1227592,scaffold_cold_5fold,0.08082982959452528,0.7654155873700732,0.11257510457368429,4958,0.0765879451356815,0.01859179244395999,"{'external2698': 0.06455404846974537, 'new15016': 0.08314584091370536, 'old7316': 0.08206394602359374}",1.1148324408568442,0.08314584091370536
xgb_c0_observable_provenance,4,0.08309654789781339,0.7676496840852333,0.11820102079156988,5151,0.04617287591099739,88a3043cef1741beffdceadc5436c5c85b08d472075ac4f6bba03a9d059a74d3,XGBoost_trees_500,1227592,scaffold_cold_5fold,0.08326578576462688,0.7666625541667689,0.11813628699125016,5257,0.07899559017002523,0.018500902785166307,"{'external2698': 0.06704327390600032, 'new15016': 0.08554417669116662, 'old7316': 0.08439931991290875}",1.1593542536720634,0.08554417669116662
xgb_c0_blind,0,0.17613599921648104,-0.5853249834358336,0.21916320835714734,14639,0.0,3ef5a584f099ecf6896b0c198e234afa06bf6e0a44b99d2d0743c9db92360811,XGBoost_trees_500,1227592,leave_one_cohort_out_new15016,0.17735148759969477,-0.6018529647178292,0.22038665121911094,15016,0.17735148759969477,0.0,{'new15016': 0.17735148759969477},0.9564790283329785,0.17735148759969477
xgb_c0_observable_provenance,0,0.169221712648097,-0.48371480758632224,0.21201160865527605,14639,0.0,9b7e4c5355682dfba510c1b21c9ce13dc8b946195b4c83d4b2234691cb1f3665,XGBoost_trees_500,1227592,leave_one_cohort_out_new15016,0.17030718677792284,-0.49767372667750887,0.21309956673320668,15016,0.17030718677792284,0.0,{'new15016': 0.17030718677792284},1.0977798020467162,0.17030718677792284
xgb_c0_blind,0,0.1545587199244543,-0.03395461334105354,0.2007305713641309,7298,0.0,7b82cc41f8952260cdabf73bb98b316ed28c86157a9a14abf4150d77dd1e44b4,XGBoost_trees_500,1227592,leave_one_cohort_out_old7316,0.15467129495926332,-0.034575003328607634,0.20082515501956097,7312,0.15467129495926332,0.0,{'old7316': 0.15467129495926332},1.0751257608644664,0.15467129495926332
xgb_c0_observable_provenance,0,0.09964510599421661,0.4441560012023851,0.14719612766471354,7298,0.0,c69aae28e5de0eb9205312c73dca878add5cde794de50b6e56ce78bb74757fa9,XGBoost_trees_500,1227592,leave_one_cohort_out_old7316,0.0997406089549458,0.44381865387642083,0.14724661840432446,7312,0.0997406089549458,0.0,{'old7316': 0.0997406089549458},1.0858560749329627,0.0997406089549458
xgb_c0_blind,0,0.10771121148136664,0.5891699939158879,0.15312372009555675,2641,0.0,e3a95abe102dda7637bf5ec4feaf4c9c42c6aafc0b91a9b66928217772925ee4,XGBoost_trees_500,1227592,leave_one_cohort_out_external2698,0.1074686125394864,0.5885731422899513,0.15265302445604642,2680,0.1074686125394864,0.0,{'external2698': 0.1074686125394864},1.1961943288333714,0.1074686125394864
xgb_c0_observable_provenance,0,0.2395028297105664,-0.5054851048962199,0.29323268167830874,2641,0.0,c95dc90091f29141c67c7a7186e66c4c2c2b888385ff18e650966c645b96c2d0,XGBoost_trees_500,1227592,leave_one_cohort_out_external2698,0.23849516307841628,-0.5054735240326469,0.2920086086198471,2680,0.23849516307841628,0.0,{'external2698': 0.23849516307841628},1.17524348013103,0.23849516307841628
